Sample ID	Plate	Well	Sample Index	Library Index	Location	Species Common Name	Scientific Name	Filename1	Filename2	NewFile1	NewFile2	Command1	Command2	File	Path	Counts	CountsSort	Alternate Sample Name	Indentifier	Sequenced Under	Genus	Species	Subspecies	Authority	Common Name	Source Location	Coordinates	Collection Date	Collector	Container Name	Notes	...16	NewPath
WS_DC01	Plate 1	A1	ACAAGCTA	AGTCAA	Deep Creek, OR	Warner Sucker	Catostomus warnerensis	AGTCAA_RA_GGACAAGCTATGCAG.fastq	AGTCAA_RB_GGACAAGCTATGCAG.fastq	WS_DC01_RA.fastq	WS_DC01_RB.fastq	mv data/split/AGTCAA_RA_GGACAAGCTATGCAG.fastq data/renamed/WS_DC01_RA.fastq	mv data/split/AGTCAA_RB_GGACAAGCTATGCAG.fastq data/renamed/WS_DC01_RB.fastq	WS_DC01_RA.sort.flt.bam	data/mapped/WS_DC01_RA.sort.flt.bam	477214	832999	Deep #1	NA	Catostomus warnerensis	Catostomus	warnerensis	NA	Snyder 1908	Warner Sucker	Deep Creek, OR	42.167892 -119.8800002	7/9/20	Justin Mills	Warner_Suckers_OregonDeptFW_2020	NA	NA	data/mapped/WS_DC01_RA.sort.flt.bam
WS_DC02	Plate 1	B1	AACAACCA	AGTCAA	Deep Creek, OR	Warner Sucker	Catostomus warnerensis	AGTCAA_RA_GGAACAACCATGCAG.fastq	AGTCAA_RB_GGAACAACCATGCAG.fastq	WS_DC02_RA.fastq	WS_DC02_RB.fastq	mv data/split/AGTCAA_RA_GGAACAACCATGCAG.fastq data/renamed/WS_DC02_RA.fastq	mv data/split/AGTCAA_RB_GGAACAACCATGCAG.fastq data/renamed/WS_DC02_RB.fastq	WS_DC02_RA.sort.flt.bam	data/mapped/WS_DC02_RA.sort.flt.bam	184809	296903	Deep #2	NA	Catostomus warnerensis	Catostomus	warnerensis	NA	Snyder 1908	Warner Sucker	Deep Creek, OR	42.167892 -119.8800002	7/9/20	Justin Mills	Warner_Suckers_OregonDeptFW_2020	NA	NA	data/mapped/WS_DC02_RA.sort.flt.bam
WS_DC03	Plate 1	C1	AGATCGCA	AGTCAA	Deep Creek, OR	Warner Sucker	Catostomus warnerensis	AGTCAA_RA_GGAGATCGCATGCAG.fastq	AGTCAA_RB_GGAGATCGCATGCAG.fastq	WS_DC03_RA.fastq	WS_DC03_RB.fastq	mv data/split/AGTCAA_RA_GGAGATCGCATGCAG.fastq data/renamed/WS_DC03_RA.fastq	mv data/split/AGTCAA_RB_GGAGATCGCATGCAG.fastq data/renamed/WS_DC03_RB.fastq	WS_DC03_RA.sort.flt.bam	data/mapped/WS_DC03_RA.sort.flt.bam	215499	350576	Deep #3	NA	Catostomus warnerensis	Catostomus	warnerensis	NA	Snyder 1908	Warner Sucker	Deep Creek, OR	42.167892 -119.8800002	7/9/20	Justin Mills	Warner_Suckers_OregonDeptFW_2020	NA	NA	data/mapped/WS_DC03_RA.sort.flt.bam
WS_DC04	Plate 1	D1	CCGAAGTA	AGTCAA	Deep Creek, OR	Warner Sucker	Catostomus warnerensis	AGTCAA_RA_GGCCGAAGTATGCAG.fastq	AGTCAA_RB_GGCCGAAGTATGCAG.fastq	WS_DC04_RA.fastq	WS_DC04_RB.fastq	mv data/split/AGTCAA_RA_GGCCGAAGTATGCAG.fastq data/renamed/WS_DC04_RA.fastq	mv data/split/AGTCAA_RB_GGCCGAAGTATGCAG.fastq data/renamed/WS_DC04_RB.fastq	WS_DC04_RA.sort.flt.bam	data/mapped/WS_DC04_RA.sort.flt.bam	276697	452833	Deep #4	NA	Catostomus warnerensis	Catostomus	warnerensis	NA	Snyder 1908	Warner Sucker	Deep Creek, OR	42.167892 -119.8800002	7/9/20	Justin Mills	Warner_Suckers_OregonDeptFW_2020	NA	NA	data/mapped/WS_DC04_RA.sort.flt.bam
WS_DC05	Plate 1	E1	GATAGACA	AGTCAA	Deep Creek, OR	Warner Sucker	Catostomus warnerensis	AGTCAA_RA_GGGATAGACATGCAG.fastq	AGTCAA_RB_GGGATAGACATGCAG.fastq	WS_DC05_RA.fastq	WS_DC05_RB.fastq	mv data/split/AGTCAA_RA_GGGATAGACATGCAG.fastq data/renamed/WS_DC05_RA.fastq	mv data/split/AGTCAA_RB_GGGATAGACATGCAG.fastq data/renamed/WS_DC05_RB.fastq	WS_DC05_RA.sort.flt.bam	data/mapped/WS_DC05_RA.sort.flt.bam	151468	244283	Deep #5	NA	Catostomus warnerensis	Catostomus	warnerensis	NA	Snyder 1908	Warner Sucker	Deep Creek, OR	42.167892 -119.8800002	7/9/20	Justin Mills	Warner_Suckers_OregonDeptFW_2020	NA	NA	data/mapped/WS_DC05_RA.sort.flt.bam
WS_DC06	Plate 1	F1	TATCAGCA	AGTCAA	Deep Creek, OR	Warner Sucker	Catostomus warnerensis	AGTCAA_RA_GGTATCAGCATGCAG.fastq	AGTCAA_RB_GGTATCAGCATGCAG.fastq	WS_DC06_RA.fastq	WS_DC06_RB.fastq	mv data/split/AGTCAA_RA_GGTATCAGCATGCAG.fastq data/renamed/WS_DC06_RA.fastq	mv data/split/AGTCAA_RB_GGTATCAGCATGCAG.fastq data/renamed/WS_DC06_RB.fastq	WS_DC06_RA.sort.flt.bam	data/mapped/WS_DC06_RA.sort.flt.bam	240204	394174	Deep #6	NA	Catostomus warnerensis	Catostomus	warnerensis	NA	Snyder 1908	Warner Sucker	Deep Creek, OR	42.167892 -119.8800002	7/9/20	Justin Mills	Warner_Suckers_OregonDeptFW_2020	NA	NA	data/mapped/WS_DC06_RA.sort.flt.bam
WS_DC07	Plate 1	G1	AATGTTGC	AGTCAA	Deep Creek, OR	Warner Sucker	Catostomus warnerensis	AGTCAA_RA_GGAATGTTGCTGCAG.fastq	AGTCAA_RB_GGAATGTTGCTGCAG.fastq	WS_DC07_RA.fastq	WS_DC07_RB.fastq	mv data/split/AGTCAA_RA_GGAATGTTGCTGCAG.fastq data/renamed/WS_DC07_RA.fastq	mv data/split/AGTCAA_RB_GGAATGTTGCTGCAG.fastq data/renamed/WS_DC07_RB.fastq	WS_DC07_RA.sort.flt.bam	data/mapped/WS_DC07_RA.sort.flt.bam	371337	637488	Deep #7	NA	Catostomus warnerensis	Catostomus	warnerensis	NA	Snyder 1908	Warner Sucker	Deep Creek, OR	42.167892 -119.8800002	7/9/20	Justin Mills	Warner_Suckers_OregonDeptFW_2020	NA	NA	data/mapped/WS_DC07_RA.sort.flt.bam
WS_DC08	Plate 1	H1	CCATCCTC	AGTCAA	Deep Creek, OR	Warner Sucker	Catostomus warnerensis	AGTCAA_RA_GGCCATCCTCTGCAG.fastq	AGTCAA_RB_GGCCATCCTCTGCAG.fastq	WS_DC08_RA.fastq	WS_DC08_RB.fastq	mv data/split/AGTCAA_RA_GGCCATCCTCTGCAG.fastq data/renamed/WS_DC08_RA.fastq	mv data/split/AGTCAA_RB_GGCCATCCTCTGCAG.fastq data/renamed/WS_DC08_RB.fastq	WS_DC08_RA.sort.flt.bam	data/mapped/WS_DC08_RA.sort.flt.bam	242627	398308	Deep #8	NA	Catostomus warnerensis	Catostomus	warnerensis	NA	Snyder 1908	Warner Sucker	Deep Creek, OR	42.166394 -119.881956	7/9/20	Justin Mills	Warner_Suckers_OregonDeptFW_2020	NA	NA	data/mapped/WS_DC08_RA.sort.flt.bam
WS_DC09	Plate 1	A2	AAACATCG	AGTCAA	Deep Creek, OR	Warner Sucker	Catostomus warnerensis	AGTCAA_RA_GGAAACATCGTGCAG.fastq	AGTCAA_RB_GGAAACATCGTGCAG.fastq	WS_DC09_RA.fastq	WS_DC09_RB.fastq	mv data/split/AGTCAA_RA_GGAAACATCGTGCAG.fastq data/renamed/WS_DC09_RA.fastq	mv data/split/AGTCAA_RB_GGAAACATCGTGCAG.fastq data/renamed/WS_DC09_RB.fastq	WS_DC09_RA.sort.flt.bam	data/mapped/WS_DC09_RA.sort.flt.bam	623166	1095479	Deep #9	NA	Catostomus warnerensis	Catostomus	warnerensis	NA	Snyder 1908	Warner Sucker	Deep Creek, OR	42.166394 -119.881956	7/9/20	Justin Mills	Warner_Suckers_OregonDeptFW_2020	NA	NA	data/mapped/WS_DC09_RA.sort.flt.bam
WS_DC10	Plate 1	B2	AACCGAGA	AGTCAA	Deep Creek, OR	Warner Sucker	Catostomus warnerensis	AGTCAA_RA_GGAACCGAGATGCAG.fastq	AGTCAA_RB_GGAACCGAGATGCAG.fastq	WS_DC10_RA.fastq	WS_DC10_RB.fastq	mv data/split/AGTCAA_RA_GGAACCGAGATGCAG.fastq data/renamed/WS_DC10_RA.fastq	mv data/split/AGTCAA_RB_GGAACCGAGATGCAG.fastq data/renamed/WS_DC10_RB.fastq	WS_DC10_RA.sort.flt.bam	data/mapped/WS_DC10_RA.sort.flt.bam	147085	237365	Deep #10	NA	Catostomus warnerensis	Catostomus	warnerensis	NA	Snyder 1908	Warner Sucker	Deep Creek, OR	42.166394 -119.881956	7/9/20	Justin Mills	Warner_Suckers_OregonDeptFW_2020	NA	NA	data/mapped/WS_DC10_RA.sort.flt.bam
WS_DC11	Plate 1	C2	AGCAGGAA	AGTCAA	Deep Creek, OR	Warner Sucker	Catostomus warnerensis	AGTCAA_RA_GGAGCAGGAATGCAG.fastq	AGTCAA_RB_GGAGCAGGAATGCAG.fastq	WS_DC11_RA.fastq	WS_DC11_RB.fastq	mv data/split/AGTCAA_RA_GGAGCAGGAATGCAG.fastq data/renamed/WS_DC11_RA.fastq	mv data/split/AGTCAA_RB_GGAGCAGGAATGCAG.fastq data/renamed/WS_DC11_RB.fastq	WS_DC11_RA.sort.flt.bam	data/mapped/WS_DC11_RA.sort.flt.bam	149491	245230	Deep #11	NA	Catostomus warnerensis	Catostomus	warnerensis	NA	Snyder 1908	Warner Sucker	Deep Creek, OR	42.165699 -119.883437	7/9/20	Justin Mills	Warner_Suckers_OregonDeptFW_2020	NA	NA	data/mapped/WS_DC11_RA.sort.flt.bam
WS_DC12	Plate 1	D2	CCGTGAGA	AGTCAA	Deep Creek, OR	Warner Sucker	Catostomus warnerensis	AGTCAA_RA_GGCCGTGAGATGCAG.fastq	AGTCAA_RB_GGCCGTGAGATGCAG.fastq	WS_DC12_RA.fastq	WS_DC12_RB.fastq	mv data/split/AGTCAA_RA_GGCCGTGAGATGCAG.fastq data/renamed/WS_DC12_RA.fastq	mv data/split/AGTCAA_RB_GGCCGTGAGATGCAG.fastq data/renamed/WS_DC12_RB.fastq	WS_DC12_RA.sort.flt.bam	data/mapped/WS_DC12_RA.sort.flt.bam	160173	259635	Deep #12	NA	Catostomus warnerensis	Catostomus	warnerensis	NA	Snyder 1908	Warner Sucker	Deep Creek, OR	42.165699 -119.883437	7/9/20	Justin Mills	Warner_Suckers_OregonDeptFW_2020	NA	NA	data/mapped/WS_DC12_RA.sort.flt.bam
WS_DC14	Plate 1	F2	TCCGTCTA	AGTCAA	Deep Creek, OR	Warner Sucker	Catostomus warnerensis	AGTCAA_RA_GGTCCGTCTATGCAG.fastq	AGTCAA_RB_GGTCCGTCTATGCAG.fastq	WS_DC14_RA.fastq	WS_DC14_RB.fastq	mv data/split/AGTCAA_RA_GGTCCGTCTATGCAG.fastq data/renamed/WS_DC14_RA.fastq	mv data/split/AGTCAA_RB_GGTCCGTCTATGCAG.fastq data/renamed/WS_DC14_RB.fastq	WS_DC14_RA.sort.flt.bam	data/mapped/WS_DC14_RA.sort.flt.bam	415968	711390	Deep #14	NA	Catostomus warnerensis	Catostomus	warnerensis	NA	Snyder 1908	Warner Sucker	Deep Creek, OR	42.16599 -119.886449	7/9/20	Justin Mills	Warner_Suckers_OregonDeptFW_2020	NA	NA	data/mapped/WS_DC14_RA.sort.flt.bam
WS_DC15	Plate 1	G2	ACACTGAC	AGTCAA	Deep Creek, OR	Warner Sucker	Catostomus warnerensis	AGTCAA_RA_GGACACTGACTGCAG.fastq	AGTCAA_RB_GGACACTGACTGCAG.fastq	WS_DC15_RA.fastq	WS_DC15_RB.fastq	mv data/split/AGTCAA_RA_GGACACTGACTGCAG.fastq data/renamed/WS_DC15_RA.fastq	mv data/split/AGTCAA_RB_GGACACTGACTGCAG.fastq data/renamed/WS_DC15_RB.fastq	WS_DC15_RA.sort.flt.bam	data/mapped/WS_DC15_RA.sort.flt.bam	372597	642731	Deep #15	NA	Catostomus warnerensis	Catostomus	warnerensis	NA	Snyder 1908	Warner Sucker	Deep Creek, OR	42.16599 -119.886449	7/9/20	Justin Mills	Warner_Suckers_OregonDeptFW_2020	NA	NA	data/mapped/WS_DC15_RA.sort.flt.bam
WS_TMC01	Plate 1	H2	CCGACAAC	AGTCAA	Twentymile Creek, OR	Warner Sucker	Catostomus warnerensis	AGTCAA_RA_GGCCGACAACTGCAG.fastq	AGTCAA_RB_GGCCGACAACTGCAG.fastq	WS_TMC01_RA.fastq	WS_TMC01_RB.fastq	mv data/split/AGTCAA_RA_GGCCGACAACTGCAG.fastq data/renamed/WS_TMC01_RA.fastq	mv data/split/AGTCAA_RB_GGCCGACAACTGCAG.fastq data/renamed/WS_TMC01_RB.fastq	WS_TMC01_RA.sort.flt.bam	data/mapped/WS_TMC01_RA.sort.flt.bam	809266	1472542	Twentymile Creek #1	NA	Catostomus warnerensis	Catostomus	warnerensis	NA	Snyder 1908	Warner Sucker	Twentymile Creek, OR	42.71281 -119.964148	8/5/20	Justin Mills	Warner_Suckers_OregonDeptFW_2020	NA	NA	data/mapped/WS_TMC01_RA.sort.flt.bam
WS_TMC02	Plate 1	A3	ACATTGGC	AGTCAA	Twentymile Creek, OR	Warner Sucker	Catostomus warnerensis	AGTCAA_RA_GGACATTGGCTGCAG.fastq	AGTCAA_RB_GGACATTGGCTGCAG.fastq	WS_TMC02_RA.fastq	WS_TMC02_RB.fastq	mv data/split/AGTCAA_RA_GGACATTGGCTGCAG.fastq data/renamed/WS_TMC02_RA.fastq	mv data/split/AGTCAA_RB_GGACATTGGCTGCAG.fastq data/renamed/WS_TMC02_RB.fastq	WS_TMC02_RA.sort.flt.bam	data/mapped/WS_TMC02_RA.sort.flt.bam	463069	796964	Twentymile Creek #2	NA	Catostomus warnerensis	Catostomus	warnerensis	NA	Snyder 1908	Warner Sucker	Twentymile Creek, OR	42.06324 -119.96069	8/5/20	Justin Mills	Warner_Suckers_OregonDeptFW_2020	NA	NA	data/mapped/WS_TMC02_RA.sort.flt.bam
WS_TMC03	Plate 1	B3	AACGCTTA	AGTCAA	Twentymile Creek, OR	Warner Sucker	Catostomus warnerensis	AGTCAA_RA_GGAACGCTTATGCAG.fastq	AGTCAA_RB_GGAACGCTTATGCAG.fastq	WS_TMC03_RA.fastq	WS_TMC03_RB.fastq	mv data/split/AGTCAA_RA_GGAACGCTTATGCAG.fastq data/renamed/WS_TMC03_RA.fastq	mv data/split/AGTCAA_RB_GGAACGCTTATGCAG.fastq data/renamed/WS_TMC03_RB.fastq	WS_TMC03_RA.sort.flt.bam	data/mapped/WS_TMC03_RA.sort.flt.bam	840999	1540603	Twentymile Creek #3	NA	Catostomus warnerensis	Catostomus	warnerensis	NA	Snyder 1908	Warner Sucker	Twentymile Creek, OR	42.06324 -119.96069	8/5/20	Justin Mills	Warner_Suckers_OregonDeptFW_2020	NA	NA	data/mapped/WS_TMC03_RA.sort.flt.bam
WS_TMC04	Plate 1	C3	AGTCACTA	AGTCAA	Twentymile Creek, OR	Warner Sucker	Catostomus warnerensis	AGTCAA_RA_GGAGTCACTATGCAG.fastq	AGTCAA_RB_GGAGTCACTATGCAG.fastq	WS_TMC04_RA.fastq	WS_TMC04_RB.fastq	mv data/split/AGTCAA_RA_GGAGTCACTATGCAG.fastq data/renamed/WS_TMC04_RA.fastq	mv data/split/AGTCAA_RB_GGAGTCACTATGCAG.fastq data/renamed/WS_TMC04_RB.fastq	WS_TMC04_RA.sort.flt.bam	data/mapped/WS_TMC04_RA.sort.flt.bam	113263	181731	Twentymile Creek #4	NA	Catostomus warnerensis	Catostomus	warnerensis	NA	Snyder 1908	Warner Sucker	Twentymile Creek, OR	42.6723 -119.96593	8/5/20	Justin Mills	Warner_Suckers_OregonDeptFW_2020	NA	NA	data/mapped/WS_TMC04_RA.sort.flt.bam
WS_TMC05	Plate 1	D3	CCTCCTGA	AGTCAA	Twentymile Creek, OR	Warner Sucker	Catostomus warnerensis	AGTCAA_RA_GGCCTCCTGATGCAG.fastq	AGTCAA_RB_GGCCTCCTGATGCAG.fastq	WS_TMC05_RA.fastq	WS_TMC05_RB.fastq	mv data/split/AGTCAA_RA_GGCCTCCTGATGCAG.fastq data/renamed/WS_TMC05_RA.fastq	mv data/split/AGTCAA_RB_GGCCTCCTGATGCAG.fastq data/renamed/WS_TMC05_RB.fastq	WS_TMC05_RA.sort.flt.bam	data/mapped/WS_TMC05_RA.sort.flt.bam	436590	763963	Twentymile Creek #5	NA	Catostomus warnerensis	Catostomus	warnerensis	NA	Snyder 1908	Warner Sucker	Twentymile Creek, OR	42.6723 -119.96593	8/5/20	Justin Mills	Warner_Suckers_OregonDeptFW_2020	NA	NA	data/mapped/WS_TMC05_RA.sort.flt.bam
WS_TMC06	Plate 1	E3	GCGAGTAA	AGTCAA	Twentymile Creek, OR	Warner Sucker	Catostomus warnerensis	AGTCAA_RA_GGGCGAGTAATGCAG.fastq	AGTCAA_RB_GGGCGAGTAATGCAG.fastq	WS_TMC06_RA.fastq	WS_TMC06_RB.fastq	mv data/split/AGTCAA_RA_GGGCGAGTAATGCAG.fastq data/renamed/WS_TMC06_RA.fastq	mv data/split/AGTCAA_RB_GGGCGAGTAATGCAG.fastq data/renamed/WS_TMC06_RB.fastq	WS_TMC06_RA.sort.flt.bam	data/mapped/WS_TMC06_RA.sort.flt.bam	176485	287505	Twentymile Creek #6	NA	Catostomus warnerensis	Catostomus	warnerensis	NA	Snyder 1908	Warner Sucker	Twentymile Creek, OR	42.06061 -119.959902	8/5/20	Justin Mills	Warner_Suckers_OregonDeptFW_2020	NA	NA	data/mapped/WS_TMC06_RA.sort.flt.bam
WS_TMC07	Plate 1	F3	TCTTCACA	AGTCAA	Twentymile Creek, OR	Warner Sucker	Catostomus warnerensis	AGTCAA_RA_GGTCTTCACATGCAG.fastq	AGTCAA_RB_GGTCTTCACATGCAG.fastq	WS_TMC07_RA.fastq	WS_TMC07_RB.fastq	mv data/split/AGTCAA_RA_GGTCTTCACATGCAG.fastq data/renamed/WS_TMC07_RA.fastq	mv data/split/AGTCAA_RB_GGTCTTCACATGCAG.fastq data/renamed/WS_TMC07_RB.fastq	WS_TMC07_RA.sort.flt.bam	data/mapped/WS_TMC07_RA.sort.flt.bam	1069101	2004290	Twentymile Creek #7	NA	Catostomus warnerensis	Catostomus	warnerensis	NA	Snyder 1908	Warner Sucker	Twentymile Creek, OR	42.06061 -119.959902	8/5/20	Justin Mills	Warner_Suckers_OregonDeptFW_2020	NA	NA	data/mapped/WS_TMC07_RA.sort.flt.bam
WS_TMC08	Plate 1	G3	ACAGATTC	AGTCAA	Twentymile Creek, OR	Warner Sucker	Catostomus warnerensis	AGTCAA_RA_GGACAGATTCTGCAG.fastq	AGTCAA_RB_GGACAGATTCTGCAG.fastq	WS_TMC08_RA.fastq	WS_TMC08_RB.fastq	mv data/split/AGTCAA_RA_GGACAGATTCTGCAG.fastq data/renamed/WS_TMC08_RA.fastq	mv data/split/AGTCAA_RB_GGACAGATTCTGCAG.fastq data/renamed/WS_TMC08_RB.fastq	WS_TMC08_RA.sort.flt.bam	data/mapped/WS_TMC08_RA.sort.flt.bam	1093051	2065996	Twentymile Creek #8	NA	Catostomus warnerensis	Catostomus	warnerensis	NA	Snyder 1908	Warner Sucker	Twentymile Creek, OR	42.0562 -119.96519	8/5/20	Justin Mills	Warner_Suckers_OregonDeptFW_2020	NA	NA	data/mapped/WS_TMC08_RA.sort.flt.bam
WS_TMC09	Plate 1	H3	AGTCAAGC	AGTCAA	Twentymile Creek, OR	Warner Sucker	Catostomus warnerensis	AGTCAA_RA_GGAGTCAAGCTGCAG.fastq	AGTCAA_RB_GGAGTCAAGCTGCAG.fastq	WS_TMC09_RA.fastq	WS_TMC09_RB.fastq	mv data/split/AGTCAA_RA_GGAGTCAAGCTGCAG.fastq data/renamed/WS_TMC09_RA.fastq	mv data/split/AGTCAA_RB_GGAGTCAAGCTGCAG.fastq data/renamed/WS_TMC09_RB.fastq	WS_TMC09_RA.sort.flt.bam	data/mapped/WS_TMC09_RA.sort.flt.bam	378728	658574	Twentymile Creek #9	NA	Catostomus warnerensis	Catostomus	warnerensis	NA	Snyder 1908	Warner Sucker	Twentymile Creek, OR	42.0562 -119.96519	8/5/20	Justin Mills	Warner_Suckers_OregonDeptFW_2020	NA	NA	data/mapped/WS_TMC09_RA.sort.flt.bam
WS_TMC10	Plate 1	A4	ACCACTGT	AGTCAA	Twentymile Creek, OR	Warner Sucker	Catostomus warnerensis	AGTCAA_RA_GGACCACTGTTGCAG.fastq	AGTCAA_RB_GGACCACTGTTGCAG.fastq	WS_TMC10_RA.fastq	WS_TMC10_RB.fastq	mv data/split/AGTCAA_RA_GGACCACTGTTGCAG.fastq data/renamed/WS_TMC10_RA.fastq	mv data/split/AGTCAA_RB_GGACCACTGTTGCAG.fastq data/renamed/WS_TMC10_RB.fastq	WS_TMC10_RA.sort.flt.bam	data/mapped/WS_TMC10_RA.sort.flt.bam	639629	1152158	Twentymile Creek #10	NA	Catostomus warnerensis	Catostomus	warnerensis	NA	Snyder 1908	Warner Sucker	Twentymile Creek, OR	42.05851 -119.96235	8/5/20	Justin Mills	Warner_Suckers_OregonDeptFW_2020	NA	NA	data/mapped/WS_TMC10_RA.sort.flt.bam
WS_TMC11	Plate 1	B4	AAGACGGA	AGTCAA	Twentymile Creek, OR	Warner Sucker	Catostomus warnerensis	AGTCAA_RA_GGAAGACGGATGCAG.fastq	AGTCAA_RB_GGAAGACGGATGCAG.fastq	WS_TMC11_RA.fastq	WS_TMC11_RB.fastq	mv data/split/AGTCAA_RA_GGAAGACGGATGCAG.fastq data/renamed/WS_TMC11_RA.fastq	mv data/split/AGTCAA_RB_GGAAGACGGATGCAG.fastq data/renamed/WS_TMC11_RB.fastq	WS_TMC11_RA.sort.flt.bam	data/mapped/WS_TMC11_RA.sort.flt.bam	339651	587727	Twentymile Creek #11	NA	Catostomus warnerensis	Catostomus	warnerensis	NA	Snyder 1908	Warner Sucker	Twentymile Creek, OR	42.05851 -119.96235	8/5/20	Justin Mills	Warner_Suckers_OregonDeptFW_2020	NA	NA	data/mapped/WS_TMC11_RA.sort.flt.bam
WS_TMC12	Plate 1	C4	ATCCTGTA	AGTCAA	Twentymile Creek, OR	Warner Sucker	Catostomus warnerensis	AGTCAA_RA_GGATCCTGTATGCAG.fastq	AGTCAA_RB_GGATCCTGTATGCAG.fastq	WS_TMC12_RA.fastq	WS_TMC12_RB.fastq	mv data/split/AGTCAA_RA_GGATCCTGTATGCAG.fastq data/renamed/WS_TMC12_RA.fastq	mv data/split/AGTCAA_RB_GGATCCTGTATGCAG.fastq data/renamed/WS_TMC12_RB.fastq	WS_TMC12_RA.sort.flt.bam	data/mapped/WS_TMC12_RA.sort.flt.bam	425411	759771	Twentymile Creek #12	NA	Catostomus warnerensis	Catostomus	warnerensis	NA	Snyder 1908	Warner Sucker	Twentymile Creek, OR	42.05851 -119.96235	8/5/20	Justin Mills	Warner_Suckers_OregonDeptFW_2020	NA	NA	data/mapped/WS_TMC12_RA.sort.flt.bam
WS_TMC13	Plate 1	D4	CGAACTTA	AGTCAA	Twentymile Creek, OR	Warner Sucker	Catostomus warnerensis	AGTCAA_RA_GGCGAACTTATGCAG.fastq	AGTCAA_RB_GGCGAACTTATGCAG.fastq	WS_TMC13_RA.fastq	WS_TMC13_RB.fastq	mv data/split/AGTCAA_RA_GGCGAACTTATGCAG.fastq data/renamed/WS_TMC13_RA.fastq	mv data/split/AGTCAA_RB_GGCGAACTTATGCAG.fastq data/renamed/WS_TMC13_RB.fastq	WS_TMC13_RA.sort.flt.bam	data/mapped/WS_TMC13_RA.sort.flt.bam	565752	1008520	Twentymile Creek #13	NA	Catostomus warnerensis	Catostomus	warnerensis	NA	Snyder 1908	Warner Sucker	Twentymile Creek, OR	42.059266 -119.961468	8/5/20	Justin Mills	Warner_Suckers_OregonDeptFW_2020	NA	NA	data/mapped/WS_TMC13_RA.sort.flt.bam
WS_TMC14	Plate 1	E4	GCTAACGA	AGTCAA	Twentymile Creek, OR	Warner Sucker	Catostomus warnerensis	AGTCAA_RA_GGGCTAACGATGCAG.fastq	AGTCAA_RB_GGGCTAACGATGCAG.fastq	WS_TMC14_RA.fastq	WS_TMC14_RB.fastq	mv data/split/AGTCAA_RA_GGGCTAACGATGCAG.fastq data/renamed/WS_TMC14_RA.fastq	mv data/split/AGTCAA_RB_GGGCTAACGATGCAG.fastq data/renamed/WS_TMC14_RB.fastq	WS_TMC14_RA.sort.flt.bam	data/mapped/WS_TMC14_RA.sort.flt.bam	860448	1584843	Twentymile Creek #14	NA	Catostomus warnerensis	Catostomus	warnerensis	NA	Snyder 1908	Warner Sucker	Twentymile Creek, OR	42.059266 -119.961468	8/5/20	Justin Mills	Warner_Suckers_OregonDeptFW_2020	NA	NA	data/mapped/WS_TMC14_RA.sort.flt.bam
WS_HC1	Plate 1	F4	TGAAGAGA	AGTCAA	Honey Creek, OR	Warner Sucker	Catostomus warnerensis	AGTCAA_RA_GGTGAAGAGATGCAG.fastq	AGTCAA_RB_GGTGAAGAGATGCAG.fastq	WS_HC1_RA.fastq	WS_HC1_RB.fastq	mv data/split/AGTCAA_RA_GGTGAAGAGATGCAG.fastq data/renamed/WS_HC1_RA.fastq	mv data/split/AGTCAA_RB_GGTGAAGAGATGCAG.fastq data/renamed/WS_HC1_RB.fastq	WS_HC1_RA.sort.flt.bam	data/mapped/WS_HC1_RA.sort.flt.bam	1204075	2293491	Honey Creek #1	NA	Catostomus warnerensis	Catostomus	warnerensis	NA	Snyder 1908	Warner Sucker	Honey Creek, OR	42.419076 -119.905176	8/19/20	Justin Mills	Warner_Suckers_OregonDeptFW_2020	NA	NA	data/mapped/WS_HC1_RA.sort.flt.bam
WS_TMC15	Plate 1	G4	AGATGTAC	AGTCAA	Twentymile Creek, OR	Warner Sucker	Catostomus warnerensis	AGTCAA_RA_GGAGATGTACTGCAG.fastq	AGTCAA_RB_GGAGATGTACTGCAG.fastq	WS_TMC15_RA.fastq	WS_TMC15_RB.fastq	mv data/split/AGTCAA_RA_GGAGATGTACTGCAG.fastq data/renamed/WS_TMC15_RA.fastq	mv data/split/AGTCAA_RB_GGAGATGTACTGCAG.fastq data/renamed/WS_TMC15_RB.fastq	WS_TMC15_RA.sort.flt.bam	data/mapped/WS_TMC15_RA.sort.flt.bam	499056	877060	Twentymile Creek #15	NA	Catostomus warnerensis	Catostomus	warnerensis	NA	Snyder 1908	Warner Sucker	Twentymile Creek, OR	42.059266 -119.961468	8/5/20	Justin Mills	Warner_Suckers_OregonDeptFW_2020	NA	NA	data/mapped/WS_TMC15_RA.sort.flt.bam
WS_HC2	Plate 1	H4	CCTCTATC	AGTCAA	Honey Creek, OR	Warner Sucker	Catostomus warnerensis	AGTCAA_RA_GGCCTCTATCTGCAG.fastq	AGTCAA_RB_GGCCTCTATCTGCAG.fastq	WS_HC2_RA.fastq	WS_HC2_RB.fastq	mv data/split/AGTCAA_RA_GGCCTCTATCTGCAG.fastq data/renamed/WS_HC2_RA.fastq	mv data/split/AGTCAA_RB_GGCCTCTATCTGCAG.fastq data/renamed/WS_HC2_RB.fastq	WS_HC2_RA.sort.flt.bam	data/mapped/WS_HC2_RA.sort.flt.bam	1419265	2706866	Honey Creek #2	NA	Catostomus warnerensis	Catostomus	warnerensis	NA	Snyder 1908	Warner Sucker	Honey Creek, OR	42.419076 -119.905176	8/20/20	Justin Mills	Warner_Suckers_OregonDeptFW_2020	NA	NA	data/mapped/WS_HC2_RA.sort.flt.bam
WS_HC3	Plate 1	A5	AACGTGAT	AGTCAA	Honey Creek, OR	Warner Sucker	Catostomus warnerensis	AGTCAA_RA_GGAACGTGATTGCAG.fastq	AGTCAA_RB_GGAACGTGATTGCAG.fastq	WS_HC3_RA.fastq	WS_HC3_RB.fastq	mv data/split/AGTCAA_RA_GGAACGTGATTGCAG.fastq data/renamed/WS_HC3_RA.fastq	mv data/split/AGTCAA_RB_GGAACGTGATTGCAG.fastq data/renamed/WS_HC3_RB.fastq	WS_HC3_RA.sort.flt.bam	data/mapped/WS_HC3_RA.sort.flt.bam	890194	1620912	Honey Creek #3	NA	Catostomus warnerensis	Catostomus	warnerensis	NA	Snyder 1908	Warner Sucker	Honey Creek, OR	42.419076 -119.905176	8/21/20	Justin Mills	Warner_Suckers_OregonDeptFW_2020	NA	NA	data/mapped/WS_HC3_RA.sort.flt.bam
WS_HC4	Plate 1	B5	AAGGTACA	AGTCAA	Honey Creek, OR	Warner Sucker	Catostomus warnerensis	AGTCAA_RA_GGAAGGTACATGCAG.fastq	AGTCAA_RB_GGAAGGTACATGCAG.fastq	WS_HC4_RA.fastq	WS_HC4_RB.fastq	mv data/split/AGTCAA_RA_GGAAGGTACATGCAG.fastq data/renamed/WS_HC4_RA.fastq	mv data/split/AGTCAA_RB_GGAAGGTACATGCAG.fastq data/renamed/WS_HC4_RB.fastq	WS_HC4_RA.sort.flt.bam	data/mapped/WS_HC4_RA.sort.flt.bam	1303923	2476343	Honey Creek #4	NA	Catostomus warnerensis	Catostomus	warnerensis	NA	Snyder 1908	Warner Sucker	Honey Creek, OR	42.419076 -119.905176	8/22/20	Justin Mills	Warner_Suckers_OregonDeptFW_2020	NA	NA	data/mapped/WS_HC4_RA.sort.flt.bam
WS_HC5	Plate 1	C5	ATTGAGGA	AGTCAA	Honey Creek, OR	Warner Sucker	Catostomus warnerensis	AGTCAA_RA_GGATTGAGGATGCAG.fastq	AGTCAA_RB_GGATTGAGGATGCAG.fastq	WS_HC5_RA.fastq	WS_HC5_RB.fastq	mv data/split/AGTCAA_RA_GGATTGAGGATGCAG.fastq data/renamed/WS_HC5_RA.fastq	mv data/split/AGTCAA_RB_GGATTGAGGATGCAG.fastq data/renamed/WS_HC5_RB.fastq	WS_HC5_RA.sort.flt.bam	data/mapped/WS_HC5_RA.sort.flt.bam	1589918	3114924	Honey Creek #5	NA	Catostomus warnerensis	Catostomus	warnerensis	NA	Snyder 1908	Warner Sucker	Honey Creek, OR	42.422462 -119.919687	8/23/20	Justin Mills	Warner_Suckers_OregonDeptFW_2020	NA	NA	data/reduced/WS_HC5_RA.reduced.bam
WS_HC6	Plate 1	D5	CGACTGGA	AGTCAA	Honey Creek, OR	Warner Sucker	Catostomus warnerensis	AGTCAA_RA_GGCGACTGGATGCAG.fastq	AGTCAA_RB_GGCGACTGGATGCAG.fastq	WS_HC6_RA.fastq	WS_HC6_RB.fastq	mv data/split/AGTCAA_RA_GGCGACTGGATGCAG.fastq data/renamed/WS_HC6_RA.fastq	mv data/split/AGTCAA_RB_GGCGACTGGATGCAG.fastq data/renamed/WS_HC6_RB.fastq	WS_HC6_RA.sort.flt.bam	data/mapped/WS_HC6_RA.sort.flt.bam	1275341	2414184	Honey Creek #6	NA	Catostomus warnerensis	Catostomus	warnerensis	NA	Snyder 1908	Warner Sucker	Honey Creek, OR	42.418956 -119.911747	8/24/20	Justin Mills	Warner_Suckers_OregonDeptFW_2020	NA	NA	data/mapped/WS_HC6_RA.sort.flt.bam
WS_HC7	Plate 1	E5	GCTCGGTA	AGTCAA	Honey Creek, OR	Warner Sucker	Catostomus warnerensis	AGTCAA_RA_GGGCTCGGTATGCAG.fastq	AGTCAA_RB_GGGCTCGGTATGCAG.fastq	WS_HC7_RA.fastq	WS_HC7_RB.fastq	mv data/split/AGTCAA_RA_GGGCTCGGTATGCAG.fastq data/renamed/WS_HC7_RA.fastq	mv data/split/AGTCAA_RB_GGGCTCGGTATGCAG.fastq data/renamed/WS_HC7_RB.fastq	WS_HC7_RA.sort.flt.bam	data/mapped/WS_HC7_RA.sort.flt.bam	1340519	2567501	Honey Creek #7	NA	Catostomus warnerensis	Catostomus	warnerensis	NA	Snyder 1908	Warner Sucker	Honey Creek, OR	42.418956 -119.911747	8/25/20	Justin Mills	Warner_Suckers_OregonDeptFW_2020	NA	NA	data/mapped/WS_HC7_RA.sort.flt.bam
WS_HC8	Plate 1	F5	TGGAACAA	AGTCAA	Honey Creek, OR	Warner Sucker	Catostomus warnerensis	AGTCAA_RA_GGTGGAACAATGCAG.fastq	AGTCAA_RB_GGTGGAACAATGCAG.fastq	WS_HC8_RA.fastq	WS_HC8_RB.fastq	mv data/split/AGTCAA_RA_GGTGGAACAATGCAG.fastq data/renamed/WS_HC8_RA.fastq	mv data/split/AGTCAA_RB_GGTGGAACAATGCAG.fastq data/renamed/WS_HC8_RB.fastq	WS_HC8_RA.sort.flt.bam	data/mapped/WS_HC8_RA.sort.flt.bam	1422084	2752497	Honey Creek #8	NA	Catostomus warnerensis	Catostomus	warnerensis	NA	Snyder 1908	Warner Sucker	Honey Creek, OR	42.418956 -119.911747	8/26/20	Justin Mills	Warner_Suckers_OregonDeptFW_2020	NA	NA	data/mapped/WS_HC8_RA.sort.flt.bam
WCS_01	Plate 1	G5	AGCACCTC	AGTCAA	Wall Canyon, NV	Wall Canyon Sucker	Catostomus new species	AGTCAA_RA_GGAGCACCTCTGCAG.fastq	AGTCAA_RB_GGAGCACCTCTGCAG.fastq	WCS_01_RA.fastq	WCS_01_RB.fastq	mv data/split/AGTCAA_RA_GGAGCACCTCTGCAG.fastq data/renamed/WCS_01_RA.fastq	mv data/split/AGTCAA_RB_GGAGCACCTCTGCAG.fastq data/renamed/WCS_01_RB.fastq	WCS_01_RA.sort.flt.bam	data/mapped/WCS_01_RA.sort.flt.bam	1600732	3257965	WCS	NA	Catostomus sp.	Catostomus	murivallis	NA	This Paper	Wall Canyon Sucker	Wall Canyon, NV	Station: WC1	9/30/20	NV Dep of Wildlife	Wall_Canyon_Suckers_NVDeptFW_2020	NA	NA	data/reduced/WCS_01_RA.reduced.bam
WCS_02	Plate 1	H5	CGACACAC	AGTCAA	Wall Canyon, NV	Wall Canyon Sucker	Catostomus new species	AGTCAA_RA_GGCGACACACTGCAG.fastq	AGTCAA_RB_GGCGACACACTGCAG.fastq	WCS_02_RA.fastq	WCS_02_RB.fastq	mv data/split/AGTCAA_RA_GGCGACACACTGCAG.fastq data/renamed/WCS_02_RA.fastq	mv data/split/AGTCAA_RB_GGCGACACACTGCAG.fastq data/renamed/WCS_02_RB.fastq	WCS_02_RA.sort.flt.bam	data/mapped/WCS_02_RA.sort.flt.bam	1499574	2909907	WCS	NA	Catostomus sp.	Catostomus	murivallis	NA	This Paper	Wall Canyon Sucker	Wall Canyon, NV	Between WC7-WC8	9/30/20	NV Dep of Wildlife	Wall_Canyon_Suckers_NVDeptFW_2020	NA	NA	data/mapped/WCS_02_RA.sort.flt.bam
WCS_03	Plate 1	A6	CGCTGATC	AGTCAA	Wall Canyon, NV	Wall Canyon Sucker	Catostomus new species	AGTCAA_RA_GGCGCTGATCTGCAG.fastq	AGTCAA_RB_GGCGCTGATCTGCAG.fastq	WCS_03_RA.fastq	WCS_03_RB.fastq	mv data/split/AGTCAA_RA_GGCGCTGATCTGCAG.fastq data/renamed/WCS_03_RA.fastq	mv data/split/AGTCAA_RB_GGCGCTGATCTGCAG.fastq data/renamed/WCS_03_RB.fastq	WCS_03_RA.sort.flt.bam	data/mapped/WCS_03_RA.sort.flt.bam	1912515	3883641	WCS	NA	Catostomus sp.	Catostomus	murivallis	NA	This Paper	Wall Canyon Sucker	Wall Canyon, NV	Between WC7-WC8	9/30/20	NV Dep of Wildlife	Wall_Canyon_Suckers_NVDeptFW_2020	NA	NA	data/reduced/WCS_03_RA.reduced.bam
WCS_04	Plate 1	B6	ACACAGAA	AGTCAA	Wall Canyon, NV	Wall Canyon Sucker	Catostomus new species	AGTCAA_RA_GGACACAGAATGCAG.fastq	AGTCAA_RB_GGACACAGAATGCAG.fastq	WCS_04_RA.fastq	WCS_04_RB.fastq	mv data/split/AGTCAA_RA_GGACACAGAATGCAG.fastq data/renamed/WCS_04_RA.fastq	mv data/split/AGTCAA_RB_GGACACAGAATGCAG.fastq data/renamed/WCS_04_RB.fastq	WCS_04_RA.sort.flt.bam	data/mapped/WCS_04_RA.sort.flt.bam	1339333	2672213	WCS	NA	Catostomus sp.	Catostomus	murivallis	NA	This Paper	Wall Canyon Sucker	Wall Canyon, NV	Between WC7-WC8	9/30/20	NV Dep of Wildlife	Wall_Canyon_Suckers_NVDeptFW_2020	NA	NA	data/mapped/WCS_04_RA.sort.flt.bam
WCS_05	Plate 1	C6	CAACCACA	AGTCAA	Wall Canyon, NV	Wall Canyon Sucker	Catostomus new species	AGTCAA_RA_GGCAACCACATGCAG.fastq	AGTCAA_RB_GGCAACCACATGCAG.fastq	WCS_05_RA.fastq	WCS_05_RB.fastq	mv data/split/AGTCAA_RA_GGCAACCACATGCAG.fastq data/renamed/WCS_05_RA.fastq	mv data/split/AGTCAA_RB_GGCAACCACATGCAG.fastq data/renamed/WCS_05_RB.fastq	WCS_05_RA.sort.flt.bam	data/mapped/WCS_05_RA.sort.flt.bam	2309982	5158447	WCS	NA	Catostomus sp.	Catostomus	murivallis	NA	This Paper	Wall Canyon Sucker	Wall Canyon, NV	Between WC7-WC8	9/30/20	NV Dep of Wildlife	Wall_Canyon_Suckers_NVDeptFW_2020	NA	NA	data/reduced/WCS_05_RA.reduced.bam
WCS_06	Plate 1	D6	CGCATACA	AGTCAA	Wall Canyon, NV	Wall Canyon Sucker	Catostomus new species	AGTCAA_RA_GGCGCATACATGCAG.fastq	AGTCAA_RB_GGCGCATACATGCAG.fastq	WCS_06_RA.fastq	WCS_06_RB.fastq	mv data/split/AGTCAA_RA_GGCGCATACATGCAG.fastq data/renamed/WCS_06_RA.fastq	mv data/split/AGTCAA_RB_GGCGCATACATGCAG.fastq data/renamed/WCS_06_RB.fastq	WCS_06_RA.sort.flt.bam	data/mapped/WCS_06_RA.sort.flt.bam	2396762	5186986	WCS	NA	Catostomus sp.	Catostomus	murivallis	NA	This Paper	Wall Canyon Sucker	Wall Canyon, NV	Station WC11	9/30/20	NV Dep of Wildlife	Wall_Canyon_Suckers_NVDeptFW_2020	NA	NA	data/reduced/WCS_06_RA.reduced.bam
WCS_07	Plate 1	E6	GGAGAACA	AGTCAA	Wall Canyon, NV	Wall Canyon Sucker	Catostomus new species	AGTCAA_RA_GGGGAGAACATGCAG.fastq	AGTCAA_RB_GGGGAGAACATGCAG.fastq	WCS_07_RA.fastq	WCS_07_RB.fastq	mv data/split/AGTCAA_RA_GGGGAGAACATGCAG.fastq data/renamed/WCS_07_RA.fastq	mv data/split/AGTCAA_RB_GGGGAGAACATGCAG.fastq data/renamed/WCS_07_RB.fastq	WCS_07_RA.sort.flt.bam	data/mapped/WCS_07_RA.sort.flt.bam	2369428	5096764	WCS 1	NA	Catostomus sp.	Catostomus	murivallis	NA	This Paper	Wall Canyon Sucker	Wall Canyon, NV	Station WC1	9/30/20	NV Dep of Wildlife	Wall_Canyon_Suckers_NVDeptFW_2020	NA	NA	data/reduced/WCS_07_RA.reduced.bam
WCS_08	Plate 1	F6	TGGCTTCA	AGTCAA	Wall Canyon, NV	Wall Canyon Sucker	Catostomus new species	AGTCAA_RA_GGTGGCTTCATGCAG.fastq	AGTCAA_RB_GGTGGCTTCATGCAG.fastq	WCS_08_RA.fastq	WCS_08_RB.fastq	mv data/split/AGTCAA_RA_GGTGGCTTCATGCAG.fastq data/renamed/WCS_08_RA.fastq	mv data/split/AGTCAA_RB_GGTGGCTTCATGCAG.fastq data/renamed/WCS_08_RB.fastq	WCS_08_RA.sort.flt.bam	data/mapped/WCS_08_RA.sort.flt.bam	1945006	4083348	WCS 2	NA	Catostomus sp.	Catostomus	murivallis	NA	This Paper	Wall Canyon Sucker	Wall Canyon, NV	Station WC1	9/30/20	NV Dep of Wildlife	Wall_Canyon_Suckers_NVDeptFW_2020	NA	NA	data/reduced/WCS_08_RA.reduced.bam
WCS_09	Plate 1	G6	AGCCATGC	AGTCAA	Wall Canyon, NV	Wall Canyon Sucker	Catostomus new species	AGTCAA_RA_GGAGCCATGCTGCAG.fastq	AGTCAA_RB_GGAGCCATGCTGCAG.fastq	WCS_09_RA.fastq	WCS_09_RB.fastq	mv data/split/AGTCAA_RA_GGAGCCATGCTGCAG.fastq data/renamed/WCS_09_RA.fastq	mv data/split/AGTCAA_RB_GGAGCCATGCTGCAG.fastq data/renamed/WCS_09_RB.fastq	WCS_09_RA.sort.flt.bam	data/mapped/WCS_09_RA.sort.flt.bam	1248944	2706479	WCS 3	NA	Catostomus sp.	Catostomus	murivallis	NA	This Paper	Wall Canyon Sucker	Wall Canyon, NV	Station WC1	9/30/20	NV Dep of Wildlife	Wall_Canyon_Suckers_NVDeptFW_2020	NA	NA	data/mapped/WCS_09_RA.sort.flt.bam
WCS_10	Plate 1	H6	CGGATTGC	AGTCAA	Wall Canyon, NV	Wall Canyon Sucker	Catostomus new species	AGTCAA_RA_GGCGGATTGCTGCAG.fastq	AGTCAA_RB_GGCGGATTGCTGCAG.fastq	WCS_10_RA.fastq	WCS_10_RB.fastq	mv data/split/AGTCAA_RA_GGCGGATTGCTGCAG.fastq data/renamed/WCS_10_RA.fastq	mv data/split/AGTCAA_RB_GGCGGATTGCTGCAG.fastq data/renamed/WCS_10_RB.fastq	WCS_10_RA.sort.flt.bam	data/mapped/WCS_10_RA.sort.flt.bam	1566008	3167247	WCS 5	NA	Catostomus sp.	Catostomus	murivallis	NA	This Paper	Wall Canyon Sucker	Wall Canyon, NV	Station WC2	9/30/20	NV Dep of Wildlife	Wall_Canyon_Suckers_NVDeptFW_2020	NA	NA	data/reduced/WCS_10_RA.reduced.bam
WCS_11	Plate 1	A7	CAGATCTG	AGTCAA	Wall Canyon, NV	Wall Canyon Sucker	Catostomus new species	AGTCAA_RA_GGCAGATCTGTGCAG.fastq	AGTCAA_RB_GGCAGATCTGTGCAG.fastq	WCS_11_RA.fastq	WCS_11_RB.fastq	mv data/split/AGTCAA_RA_GGCAGATCTGTGCAG.fastq data/renamed/WCS_11_RA.fastq	mv data/split/AGTCAA_RB_GGCAGATCTGTGCAG.fastq data/renamed/WCS_11_RB.fastq	WCS_11_RA.sort.flt.bam	data/mapped/WCS_11_RA.sort.flt.bam	2030241	4210083	WCS 6	NA	Catostomus sp.	Catostomus	murivallis	NA	This Paper	Wall Canyon Sucker	Wall Canyon, NV	Station WC2	9/30/20	NV Dep of Wildlife	Wall_Canyon_Suckers_NVDeptFW_2020	NA	NA	data/reduced/WCS_11_RA.reduced.bam
WCS_12	Plate 1	B7	ACAGCAGA	AGTCAA	Wall Canyon, NV	Wall Canyon Sucker	Catostomus new species	AGTCAA_RA_GGACAGCAGATGCAG.fastq	AGTCAA_RB_GGACAGCAGATGCAG.fastq	WCS_12_RA.fastq	WCS_12_RB.fastq	mv data/split/AGTCAA_RA_GGACAGCAGATGCAG.fastq data/renamed/WCS_12_RA.fastq	mv data/split/AGTCAA_RB_GGACAGCAGATGCAG.fastq data/renamed/WCS_12_RB.fastq	WCS_12_RA.sort.flt.bam	data/mapped/WCS_12_RA.sort.flt.bam	2500359	5499176	WCS 7	NA	Catostomus sp.	Catostomus	murivallis	NA	This Paper	Wall Canyon Sucker	Wall Canyon, NV	Station WC2	9/30/20	NV Dep of Wildlife	Wall_Canyon_Suckers_NVDeptFW_2020	NA	NA	data/reduced/WCS_12_RA.reduced.bam
WCS_13	Plate 1	C7	CAAGACTA	AGTCAA	Wall Canyon, NV	Wall Canyon Sucker	Catostomus new species	AGTCAA_RA_GGCAAGACTATGCAG.fastq	AGTCAA_RB_GGCAAGACTATGCAG.fastq	WCS_13_RA.fastq	WCS_13_RB.fastq	mv data/split/AGTCAA_RA_GGCAAGACTATGCAG.fastq data/renamed/WCS_13_RA.fastq	mv data/split/AGTCAA_RB_GGCAAGACTATGCAG.fastq data/renamed/WCS_13_RB.fastq	WCS_13_RA.sort.flt.bam	data/mapped/WCS_13_RA.sort.flt.bam	2484289	5267461	WCS 8	NA	Catostomus sp.	Catostomus	murivallis	NA	This Paper	Wall Canyon Sucker	Wall Canyon, NV	Station WC2	9/30/20	NV Dep of Wildlife	Wall_Canyon_Suckers_NVDeptFW_2020	NA	NA	data/reduced/WCS_13_RA.reduced.bam
WCS_14	Plate 1	D7	CTCAATGA	AGTCAA	Wall Canyon, NV	Wall Canyon Sucker	Catostomus new species	AGTCAA_RA_GGCTCAATGATGCAG.fastq	AGTCAA_RB_GGCTCAATGATGCAG.fastq	WCS_14_RA.fastq	WCS_14_RB.fastq	mv data/split/AGTCAA_RA_GGCTCAATGATGCAG.fastq data/renamed/WCS_14_RA.fastq	mv data/split/AGTCAA_RB_GGCTCAATGATGCAG.fastq data/renamed/WCS_14_RB.fastq	WCS_14_RA.sort.flt.bam	data/mapped/WCS_14_RA.sort.flt.bam	2495008	5520314	WCS 9	NA	Catostomus sp.	Catostomus	murivallis	NA	This Paper	Wall Canyon Sucker	Wall Canyon, NV	Station WC2	9/30/20	NV Dep of Wildlife	Wall_Canyon_Suckers_NVDeptFW_2020	NA	NA	data/reduced/WCS_14_RA.reduced.bam
WCS_15	Plate 1	E7	GGTGCGAA	AGTCAA	Wall Canyon, NV	Wall Canyon Sucker	Catostomus new species	AGTCAA_RA_GGGGTGCGAATGCAG.fastq	AGTCAA_RB_GGGGTGCGAATGCAG.fastq	WCS_15_RA.fastq	WCS_15_RB.fastq	mv data/split/AGTCAA_RA_GGGGTGCGAATGCAG.fastq data/renamed/WCS_15_RA.fastq	mv data/split/AGTCAA_RB_GGGGTGCGAATGCAG.fastq data/renamed/WCS_15_RB.fastq	WCS_15_RA.sort.flt.bam	data/mapped/WCS_15_RA.sort.flt.bam	625955	1203595	WCS 12	NA	Catostomus sp.	Catostomus	murivallis	NA	This Paper	Wall Canyon Sucker	Wall Canyon, NV	Station: WC 4	9/30/20	NV Dep of Wildlife	Wall_Canyon_Suckers_NVDeptFW_2020	NA	NA	data/mapped/WCS_15_RA.sort.flt.bam
WCS_16	Plate 1	F7	TGGTGGTA	AGTCAA	Wall Canyon, NV	Wall Canyon Sucker	Catostomus new species	AGTCAA_RA_GGTGGTGGTATGCAG.fastq	AGTCAA_RB_GGTGGTGGTATGCAG.fastq	WCS_16_RA.fastq	WCS_16_RB.fastq	mv data/split/AGTCAA_RA_GGTGGTGGTATGCAG.fastq data/renamed/WCS_16_RA.fastq	mv data/split/AGTCAA_RB_GGTGGTGGTATGCAG.fastq data/renamed/WCS_16_RB.fastq	WCS_16_RA.sort.flt.bam	data/mapped/WCS_16_RA.sort.flt.bam	1028121	2070543	WCS 13	NA	Catostomus sp.	Catostomus	murivallis	NA	This Paper	Wall Canyon Sucker	Wall Canyon, NV	Station: WC 4	9/30/20	NV Dep of Wildlife	Wall_Canyon_Suckers_NVDeptFW_2020	NA	NA	data/mapped/WCS_16_RA.sort.flt.bam
WCS_17	Plate 1	G7	AGGCTAAC	AGTCAA	Wall Canyon, NV	Wall Canyon Sucker	Catostomus new species	AGTCAA_RA_GGAGGCTAACTGCAG.fastq	AGTCAA_RB_GGAGGCTAACTGCAG.fastq	WCS_17_RA.fastq	WCS_17_RB.fastq	mv data/split/AGTCAA_RA_GGAGGCTAACTGCAG.fastq data/renamed/WCS_17_RA.fastq	mv data/split/AGTCAA_RB_GGAGGCTAACTGCAG.fastq data/renamed/WCS_17_RB.fastq	WCS_17_RA.sort.flt.bam	data/mapped/WCS_17_RA.sort.flt.bam	2556878	5488093	WCS 14	NA	Catostomus sp.	Catostomus	murivallis	NA	This Paper	Wall Canyon Sucker	Wall Canyon, NV	Station: WC 4	9/30/20	NV Dep of Wildlife	Wall_Canyon_Suckers_NVDeptFW_2020	NA	NA	data/reduced/WCS_17_RA.reduced.bam
WCS_18	Plate 1	H7	CTAAGGTC	AGTCAA	Wall Canyon, NV	Wall Canyon Sucker	Catostomus new species	AGTCAA_RA_GGCTAAGGTCTGCAG.fastq	AGTCAA_RB_GGCTAAGGTCTGCAG.fastq	WCS_18_RA.fastq	WCS_18_RB.fastq	mv data/split/AGTCAA_RA_GGCTAAGGTCTGCAG.fastq data/renamed/WCS_18_RA.fastq	mv data/split/AGTCAA_RB_GGCTAAGGTCTGCAG.fastq data/renamed/WCS_18_RB.fastq	WCS_18_RA.sort.flt.bam	data/mapped/WCS_18_RA.sort.flt.bam	529170	948377	WCS 15	NA	Catostomus sp.	Catostomus	murivallis	NA	This Paper	Wall Canyon Sucker	Wall Canyon, NV	Station: WC 4	9/30/20	NV Dep of Wildlife	Wall_Canyon_Suckers_NVDeptFW_2020	NA	NA	data/mapped/WCS_18_RA.sort.flt.bam
WCS_19	Plate 1	A8	ATGCCTAA	AGTCAA	Wall Canyon, NV	Wall Canyon Sucker	Catostomus new species	AGTCAA_RA_GGATGCCTAATGCAG.fastq	AGTCAA_RB_GGATGCCTAATGCAG.fastq	WCS_19_RA.fastq	WCS_19_RB.fastq	mv data/split/AGTCAA_RA_GGATGCCTAATGCAG.fastq data/renamed/WCS_19_RA.fastq	mv data/split/AGTCAA_RB_GGATGCCTAATGCAG.fastq data/renamed/WCS_19_RB.fastq	WCS_19_RA.sort.flt.bam	data/mapped/WCS_19_RA.sort.flt.bam	1283090	2518290	WCS 16	NA	Catostomus sp.	Catostomus	murivallis	NA	This Paper	Wall Canyon Sucker	Wall Canyon, NV	Station: WC 4	9/30/20	NV Dep of Wildlife	Wall_Canyon_Suckers_NVDeptFW_2020	NA	NA	data/mapped/WCS_19_RA.sort.flt.bam
WCS_20	Plate 1	B8	ACCTCCAA	AGTCAA	Wall Canyon, NV	Wall Canyon Sucker	Catostomus new species	AGTCAA_RA_GGACCTCCAATGCAG.fastq	AGTCAA_RB_GGACCTCCAATGCAG.fastq	WCS_20_RA.fastq	WCS_20_RB.fastq	mv data/split/AGTCAA_RA_GGACCTCCAATGCAG.fastq data/renamed/WCS_20_RA.fastq	mv data/split/AGTCAA_RB_GGACCTCCAATGCAG.fastq data/renamed/WCS_20_RB.fastq	WCS_20_RA.sort.flt.bam	data/mapped/WCS_20_RA.sort.flt.bam	962329	1873012	WCS 17	NA	Catostomus sp.	Catostomus	murivallis	NA	This Paper	Wall Canyon Sucker	Wall Canyon, NV	Station: WC 4	9/30/20	NV Dep of Wildlife	Wall_Canyon_Suckers_NVDeptFW_2020	NA	NA	data/mapped/WCS_20_RA.sort.flt.bam
WCS_21	Plate 1	C8	CAATGGAA	AGTCAA	Wall Canyon, NV	Wall Canyon Sucker	Catostomus new species	AGTCAA_RA_GGCAATGGAATGCAG.fastq	AGTCAA_RB_GGCAATGGAATGCAG.fastq	WCS_21_RA.fastq	WCS_21_RB.fastq	mv data/split/AGTCAA_RA_GGCAATGGAATGCAG.fastq data/renamed/WCS_21_RA.fastq	mv data/split/AGTCAA_RB_GGCAATGGAATGCAG.fastq data/renamed/WCS_21_RB.fastq	WCS_21_RA.sort.flt.bam	data/mapped/WCS_21_RA.sort.flt.bam	1281778	2562321	WCS 18	NA	Catostomus sp.	Catostomus	murivallis	NA	This Paper	Wall Canyon Sucker	Wall Canyon, NV	Station: WC 4	9/30/20	NV Dep of Wildlife	Wall_Canyon_Suckers_NVDeptFW_2020	NA	NA	data/mapped/WCS_21_RA.sort.flt.bam
WCS_22	Plate 1	D8	CTGAGCCA	AGTCAA	Wall Canyon, NV	Wall Canyon Sucker	Catostomus new species	AGTCAA_RA_GGCTGAGCCATGCAG.fastq	AGTCAA_RB_GGCTGAGCCATGCAG.fastq	WCS_22_RA.fastq	WCS_22_RB.fastq	mv data/split/AGTCAA_RA_GGCTGAGCCATGCAG.fastq data/renamed/WCS_22_RA.fastq	mv data/split/AGTCAA_RB_GGCTGAGCCATGCAG.fastq data/renamed/WCS_22_RB.fastq	WCS_22_RA.sort.flt.bam	data/mapped/WCS_22_RA.sort.flt.bam	1515296	3106272	WCS 19	NA	Catostomus sp.	Catostomus	murivallis	NA	This Paper	Wall Canyon Sucker	Wall Canyon, NV	Station: WC 4	9/30/20	NV Dep of Wildlife	Wall_Canyon_Suckers_NVDeptFW_2020	NA	NA	data/reduced/WCS_22_RA.reduced.bam
WCS_23	Plate 1	E8	GTACGCAA	AGTCAA	Wall Canyon, NV	Wall Canyon Sucker	Catostomus new species	AGTCAA_RA_GGGTACGCAATGCAG.fastq	AGTCAA_RB_GGGTACGCAATGCAG.fastq	WCS_23_RA.fastq	WCS_23_RB.fastq	mv data/split/AGTCAA_RA_GGGTACGCAATGCAG.fastq data/renamed/WCS_23_RA.fastq	mv data/split/AGTCAA_RB_GGGTACGCAATGCAG.fastq data/renamed/WCS_23_RB.fastq	WCS_23_RA.sort.flt.bam	data/mapped/WCS_23_RA.sort.flt.bam	545590	992352	WCS 20	NA	Catostomus sp.	Catostomus	murivallis	NA	This Paper	Wall Canyon Sucker	Wall Canyon, NV	Station: WC 4	9/30/20	NV Dep of Wildlife	Wall_Canyon_Suckers_NVDeptFW_2020	NA	NA	data/mapped/WCS_23_RA.sort.flt.bam
WCS_24	Plate 1	F8	TTCACGCA	AGTCAA	Wall Canyon, NV	Wall Canyon Sucker	Catostomus new species	AGTCAA_RA_GGTTCACGCATGCAG.fastq	AGTCAA_RB_GGTTCACGCATGCAG.fastq	WCS_24_RA.fastq	WCS_24_RB.fastq	mv data/split/AGTCAA_RA_GGTTCACGCATGCAG.fastq data/renamed/WCS_24_RA.fastq	mv data/split/AGTCAA_RB_GGTTCACGCATGCAG.fastq data/renamed/WCS_24_RB.fastq	WCS_24_RA.sort.flt.bam	data/mapped/WCS_24_RA.sort.flt.bam	972656	1888498	WCS 10	NA	Catostomus sp.	Catostomus	murivallis	NA	This Paper	Wall Canyon Sucker	Wall Canyon, NV	Station BN1,	9/30/20	NV Dep of Wildlife	Wall_Canyon_Suckers_NVDeptFW_2020	NA	NA	data/mapped/WCS_24_RA.sort.flt.bam
WCS_25	Plate 1	G8	ATAGCGAC	AGTCAA	Wall Canyon, NV	Wall Canyon Sucker	Catostomus new species	AGTCAA_RA_GGATAGCGACTGCAG.fastq	AGTCAA_RB_GGATAGCGACTGCAG.fastq	WCS_25_RA.fastq	WCS_25_RB.fastq	mv data/split/AGTCAA_RA_GGATAGCGACTGCAG.fastq data/renamed/WCS_25_RA.fastq	mv data/split/AGTCAA_RB_GGATAGCGACTGCAG.fastq data/renamed/WCS_25_RB.fastq	WCS_25_RA.sort.flt.bam	data/mapped/WCS_25_RA.sort.flt.bam	1205219	2378131	WCS 11	NA	Catostomus sp.	Catostomus	murivallis	NA	This Paper	Wall Canyon Sucker	Wall Canyon, NV	Station BN1	9/30/20	NV Dep of Wildlife	Wall_Canyon_Suckers_NVDeptFW_2020	NA	NA	data/mapped/WCS_25_RA.sort.flt.bam
WCS_26	Plate 1	H8	GAACAGGC	AGTCAA	Wall Canyon, NV	Wall Canyon Sucker	Catostomus new species	AGTCAA_RA_GGGAACAGGCTGCAG.fastq	AGTCAA_RB_GGGAACAGGCTGCAG.fastq	WCS_26_RA.fastq	WCS_26_RB.fastq	mv data/split/AGTCAA_RA_GGGAACAGGCTGCAG.fastq data/renamed/WCS_26_RA.fastq	mv data/split/AGTCAA_RB_GGGAACAGGCTGCAG.fastq data/renamed/WCS_26_RB.fastq	WCS_26_RA.sort.flt.bam	data/mapped/WCS_26_RA.sort.flt.bam	2036819	4187342	WCS 12	NA	Catostomus sp.	Catostomus	murivallis	NA	This Paper	Wall Canyon Sucker	Wall Canyon, NV	Station BN1	9/30/20	NV Dep of Wildlife	Wall_Canyon_Suckers_NVDeptFW_2020	NA	NA	data/reduced/WCS_26_RA.reduced.bam
WCS_27	Plate 1	A9	AACGAACG	AGTCAA	Wall Canyon, NV	Wall Canyon Sucker	Catostomus new species	AGTCAA_RA_GGAACGAACGTGCAG.fastq	AGTCAA_RB_GGAACGAACGTGCAG.fastq	WCS_27_RA.fastq	WCS_27_RB.fastq	mv data/split/AGTCAA_RA_GGAACGAACGTGCAG.fastq data/renamed/WCS_27_RA.fastq	mv data/split/AGTCAA_RB_GGAACGAACGTGCAG.fastq data/renamed/WCS_27_RB.fastq	WCS_27_RA.sort.flt.bam	data/mapped/WCS_27_RA.sort.flt.bam	1569278	3135201	WCS 13	NA	Catostomus sp.	Catostomus	murivallis	NA	This Paper	Wall Canyon Sucker	Wall Canyon, NV	Station BN1	9/30/20	NV Dep of Wildlife	Wall_Canyon_Suckers_NVDeptFW_2020	NA	NA	data/reduced/WCS_27_RA.reduced.bam
OSKR_1	Plate 2	H7	CTAAGGTC	GTCCGC	South Fork, Bishop, CA	Owens Sucker	Catostomus fumeiventris	GTCCGC_RA_GGCTAAGGTCTGCAG.fastq	GTCCGC_RB_GGCTAAGGTCTGCAG.fastq	OSKR_1_RA.fastq	OSKR_1_RB.fastq	mv data/split/GTCCGC_RA_GGCTAAGGTCTGCAG.fastq data/renamed/OSKR_1_RA.fastq	mv data/split/GTCCGC_RB_GGCTAAGGTCTGCAG.fastq data/renamed/OSKR_1_RB.fastq	OSKR_1_RA.sort.flt.bam	data/mapped/OSKR_1_RA.sort.flt.bam	1177804	2106815	1	NA	Catostomus fumeiventris	Catostomus	fumeiventris	NA	Miller 1973	Owens Sucker	South Fork, Bishop, CA	NA	7/26/21	Rosa Cox, CDFW	Owens_Sucker_Bishop_2021	Easting and Northing: 375501, 4136678	NA	data/mapped/OSKR_1_RA.sort.flt.bam
OSKR_2	Plate 2	A8	ATGCCTAA	GTCCGC	South Fork, Bishop, CA	Owens Sucker	Catostomus fumeiventris	GTCCGC_RA_GGATGCCTAATGCAG.fastq	GTCCGC_RB_GGATGCCTAATGCAG.fastq	OSKR_2_RA.fastq	OSKR_2_RB.fastq	mv data/split/GTCCGC_RA_GGATGCCTAATGCAG.fastq data/renamed/OSKR_2_RA.fastq	mv data/split/GTCCGC_RB_GGATGCCTAATGCAG.fastq data/renamed/OSKR_2_RB.fastq	OSKR_2_RA.sort.flt.bam	data/mapped/OSKR_2_RA.sort.flt.bam	2143163	4068616	2	NA	Catostomus fumeiventris	Catostomus	fumeiventris	NA	Miller 1973	Owens Sucker	South Fork, Bishop, CA	NA	7/26/21	Rosa Cox, CDFW	Owens_Sucker_Bishop_2021	Easting and Northing: 375501, 4136678	NA	data/reduced/OSKR_2_RA.reduced.bam
OSKR_3	Plate 2	B8	ACCTCCAA	GTCCGC	Lower Rock Creek, Bishop, CA	Owens Sucker	Catostomus fumeiventris	GTCCGC_RA_GGACCTCCAATGCAG.fastq	GTCCGC_RB_GGACCTCCAATGCAG.fastq	OSKR_3_RA.fastq	OSKR_3_RB.fastq	mv data/split/GTCCGC_RA_GGACCTCCAATGCAG.fastq data/renamed/OSKR_3_RA.fastq	mv data/split/GTCCGC_RB_GGACCTCCAATGCAG.fastq data/renamed/OSKR_3_RB.fastq	OSKR_3_RA.sort.flt.bam	data/mapped/OSKR_3_RA.sort.flt.bam	2047672	4000340	3	NA	Catostomus fumeiventris	Catostomus	fumeiventris	NA	Miller 1973	Owens Sucker	Lower Rock Creek, Bishop, CA	NA	7/27/21	Rosa Cox, CDFW	Owens_Sucker_Bishop_2021	Easting and Northing: 359769, 4146085	NA	data/reduced/OSKR_3_RA.reduced.bam
OSKR_4	Plate 2	C8	CAATGGAA	GTCCGC	Lower Rock Creek, Bishop, CA	Owens Sucker	Catostomus fumeiventris	GTCCGC_RA_GGCAATGGAATGCAG.fastq	GTCCGC_RB_GGCAATGGAATGCAG.fastq	OSKR_4_RA.fastq	OSKR_4_RB.fastq	mv data/split/GTCCGC_RA_GGCAATGGAATGCAG.fastq data/renamed/OSKR_4_RA.fastq	mv data/split/GTCCGC_RB_GGCAATGGAATGCAG.fastq data/renamed/OSKR_4_RB.fastq	OSKR_4_RA.sort.flt.bam	data/mapped/OSKR_4_RA.sort.flt.bam	2328024	4441438	4	NA	Catostomus fumeiventris	Catostomus	fumeiventris	NA	Miller 1973	Owens Sucker	Lower Rock Creek, Bishop, CA	NA	7/27/21	Rosa Cox, CDFW	Owens_Sucker_Bishop_2021	Easting and Northing: 359769, 4146085	NA	data/reduced/OSKR_4_RA.reduced.bam
OSKR_5	Plate 2	D8	CTGAGCCA	GTCCGC	Lower Rock Creek, Bishop, CA	Owens Sucker	Catostomus fumeiventris	GTCCGC_RA_GGCTGAGCCATGCAG.fastq	GTCCGC_RB_GGCTGAGCCATGCAG.fastq	OSKR_5_RA.fastq	OSKR_5_RB.fastq	mv data/split/GTCCGC_RA_GGCTGAGCCATGCAG.fastq data/renamed/OSKR_5_RA.fastq	mv data/split/GTCCGC_RB_GGCTGAGCCATGCAG.fastq data/renamed/OSKR_5_RB.fastq	OSKR_5_RA.sort.flt.bam	data/mapped/OSKR_5_RA.sort.flt.bam	2696892	5199906	5	NA	Catostomus fumeiventris	Catostomus	fumeiventris	NA	Miller 1973	Owens Sucker	Lower Rock Creek, Bishop, CA	NA	7/27/21	Rosa Cox, CDFW	Owens_Sucker_Bishop_2021	Easting and Northing: 359769, 4146085	NA	data/reduced/OSKR_5_RA.reduced.bam
OSKR_6	Plate 2	E8	GTACGCAA	GTCCGC	Lower Rock Creek, Bishop, CA	Owens Sucker	Catostomus fumeiventris	GTCCGC_RA_GGGTACGCAATGCAG.fastq	GTCCGC_RB_GGGTACGCAATGCAG.fastq	OSKR_6_RA.fastq	OSKR_6_RB.fastq	mv data/split/GTCCGC_RA_GGGTACGCAATGCAG.fastq data/renamed/OSKR_6_RA.fastq	mv data/split/GTCCGC_RB_GGGTACGCAATGCAG.fastq data/renamed/OSKR_6_RB.fastq	OSKR_6_RA.sort.flt.bam	data/mapped/OSKR_6_RA.sort.flt.bam	877932	1523796	6	NA	Catostomus fumeiventris	Catostomus	fumeiventris	NA	Miller 1973	Owens Sucker	Lower Rock Creek, Bishop, CA	NA	7/27/21	Rosa Cox, CDFW	Owens_Sucker_Bishop_2021	Easting and Northing: 359769, 4146085	NA	data/mapped/OSKR_6_RA.sort.flt.bam
OSKR_7	Plate 2	F8	TTCACGCA	GTCCGC	Lower Rock Creek, Bishop, CA	Owens Sucker	Catostomus fumeiventris	GTCCGC_RA_GGTTCACGCATGCAG.fastq	GTCCGC_RB_GGTTCACGCATGCAG.fastq	OSKR_7_RA.fastq	OSKR_7_RB.fastq	mv data/split/GTCCGC_RA_GGTTCACGCATGCAG.fastq data/renamed/OSKR_7_RA.fastq	mv data/split/GTCCGC_RB_GGTTCACGCATGCAG.fastq data/renamed/OSKR_7_RB.fastq	OSKR_7_RA.sort.flt.bam	data/mapped/OSKR_7_RA.sort.flt.bam	2210705	4159712	7	NA	Catostomus fumeiventris	Catostomus	fumeiventris	NA	Miller 1973	Owens Sucker	Lower Rock Creek, Bishop, CA	NA	7/27/21	Rosa Cox, CDFW	Owens_Sucker_Bishop_2021	Easting and Northing: 359769, 4146085	NA	data/reduced/OSKR_7_RA.reduced.bam
OSKR_8	Plate 2	G8	ATAGCGAC	GTCCGC	Lower Rock Creek, Bishop, CA	Owens Sucker	Catostomus fumeiventris	GTCCGC_RA_GGATAGCGACTGCAG.fastq	GTCCGC_RB_GGATAGCGACTGCAG.fastq	OSKR_8_RA.fastq	OSKR_8_RB.fastq	mv data/split/GTCCGC_RA_GGATAGCGACTGCAG.fastq data/renamed/OSKR_8_RA.fastq	mv data/split/GTCCGC_RB_GGATAGCGACTGCAG.fastq data/renamed/OSKR_8_RB.fastq	OSKR_8_RA.sort.flt.bam	data/mapped/OSKR_8_RA.sort.flt.bam	1887196	3562922	8	NA	Catostomus fumeiventris	Catostomus	fumeiventris	NA	Miller 1973	Owens Sucker	Lower Rock Creek, Bishop, CA	NA	7/27/21	Rosa Cox, CDFW	Owens_Sucker_Bishop_2021	Easting and Northing: 359769, 4146085	NA	data/reduced/OSKR_8_RA.reduced.bam
OSKR_9	Plate 2	H8	GAACAGGC	GTCCGC	Lower Rock Creek, Bishop, CA	Owens Sucker	Catostomus fumeiventris	GTCCGC_RA_GGGAACAGGCTGCAG.fastq	GTCCGC_RB_GGGAACAGGCTGCAG.fastq	OSKR_9_RA.fastq	OSKR_9_RB.fastq	mv data/split/GTCCGC_RA_GGGAACAGGCTGCAG.fastq data/renamed/OSKR_9_RA.fastq	mv data/split/GTCCGC_RB_GGGAACAGGCTGCAG.fastq data/renamed/OSKR_9_RB.fastq	OSKR_9_RA.sort.flt.bam	data/mapped/OSKR_9_RA.sort.flt.bam	3240759	6366454	9	NA	Catostomus fumeiventris	Catostomus	fumeiventris	NA	Miller 1973	Owens Sucker	Lower Rock Creek, Bishop, CA	NA	7/27/21	Rosa Cox, CDFW	Owens_Sucker_Bishop_2021	Easting and Northing: 359769, 4146085	NA	data/reduced/OSKR_9_RA.reduced.bam
OSKR_10	Plate 2	A9	AACGAACG	GTCCGC	Lower Rock Creek, Bishop, CA	Owens Sucker	Catostomus fumeiventris	GTCCGC_RA_GGAACGAACGTGCAG.fastq	GTCCGC_RB_GGAACGAACGTGCAG.fastq	OSKR_10_RA.fastq	OSKR_10_RB.fastq	mv data/split/GTCCGC_RA_GGAACGAACGTGCAG.fastq data/renamed/OSKR_10_RA.fastq	mv data/split/GTCCGC_RB_GGAACGAACGTGCAG.fastq data/renamed/OSKR_10_RB.fastq	OSKR_10_RA.sort.flt.bam	data/mapped/OSKR_10_RA.sort.flt.bam	2966978	5801818	10	NA	Catostomus fumeiventris	Catostomus	fumeiventris	NA	Miller 1973	Owens Sucker	Lower Rock Creek, Bishop, CA	NA	7/27/21	Rosa Cox, CDFW	Owens_Sucker_Bishop_2021	Easting and Northing: 359769, 4146085	NA	data/reduced/OSKR_10_RA.reduced.bam
OSKR_11	Plate 2	B9	ACGCTCGA	GTCCGC	Lower Rock Creek, Bishop, CA	Owens Sucker	Catostomus fumeiventris	GTCCGC_RA_GGACGCTCGATGCAG.fastq	GTCCGC_RB_GGACGCTCGATGCAG.fastq	OSKR_11_RA.fastq	OSKR_11_RB.fastq	mv data/split/GTCCGC_RA_GGACGCTCGATGCAG.fastq data/renamed/OSKR_11_RA.fastq	mv data/split/GTCCGC_RB_GGACGCTCGATGCAG.fastq data/renamed/OSKR_11_RB.fastq	OSKR_11_RA.sort.flt.bam	data/mapped/OSKR_11_RA.sort.flt.bam	3588278	7276776	11	NA	Catostomus fumeiventris	Catostomus	fumeiventris	NA	Miller 1973	Owens Sucker	Lower Rock Creek, Bishop, CA	NA	7/27/21	Rosa Cox, CDFW	Owens_Sucker_Bishop_2021	Easting and Northing: 359769, 4146085	NA	data/reduced/OSKR_11_RA.reduced.bam
OSKR_12	Plate 2	C9	CACTTCGA	GTCCGC	Lower Rock Creek, Bishop, CA	Owens Sucker	Catostomus fumeiventris	GTCCGC_RA_GGCACTTCGATGCAG.fastq	GTCCGC_RB_GGCACTTCGATGCAG.fastq	OSKR_12_RA.fastq	OSKR_12_RB.fastq	mv data/split/GTCCGC_RA_GGCACTTCGATGCAG.fastq data/renamed/OSKR_12_RA.fastq	mv data/split/GTCCGC_RB_GGCACTTCGATGCAG.fastq data/renamed/OSKR_12_RB.fastq	OSKR_12_RA.sort.flt.bam	data/mapped/OSKR_12_RA.sort.flt.bam	1744005	3219060	12	NA	Catostomus fumeiventris	Catostomus	fumeiventris	NA	Miller 1973	Owens Sucker	Lower Rock Creek, Bishop, CA	NA	7/27/21	Rosa Cox, CDFW	Owens_Sucker_Bishop_2021	Easting and Northing: 359769, 4146085	NA	data/reduced/OSKR_12_RA.reduced.bam
OSKR_13	Plate 2	D9	CTGGCATA	GTCCGC	Lower Rock Creek, Bishop, CA	Owens Sucker	Catostomus fumeiventris	GTCCGC_RA_GGCTGGCATATGCAG.fastq	GTCCGC_RB_GGCTGGCATATGCAG.fastq	OSKR_13_RA.fastq	OSKR_13_RB.fastq	mv data/split/GTCCGC_RA_GGCTGGCATATGCAG.fastq data/renamed/OSKR_13_RA.fastq	mv data/split/GTCCGC_RB_GGCTGGCATATGCAG.fastq data/renamed/OSKR_13_RB.fastq	OSKR_13_RA.sort.flt.bam	data/mapped/OSKR_13_RA.sort.flt.bam	2477406	4772406	13	NA	Catostomus fumeiventris	Catostomus	fumeiventris	NA	Miller 1973	Owens Sucker	Lower Rock Creek, Bishop, CA	NA	7/27/21	Rosa Cox, CDFW	Owens_Sucker_Bishop_2021	Easting and Northing: 359769, 4146085	NA	data/reduced/OSKR_13_RA.reduced.bam
OSKR_14	Plate 2	E9	GTCGTAGA	GTCCGC	Lower Rock Creek, Bishop, CA	Owens Sucker	Catostomus fumeiventris	GTCCGC_RA_GGGTCGTAGATGCAG.fastq	GTCCGC_RB_GGGTCGTAGATGCAG.fastq	OSKR_14_RA.fastq	OSKR_14_RB.fastq	mv data/split/GTCCGC_RA_GGGTCGTAGATGCAG.fastq data/renamed/OSKR_14_RA.fastq	mv data/split/GTCCGC_RB_GGGTCGTAGATGCAG.fastq data/renamed/OSKR_14_RB.fastq	OSKR_14_RA.sort.flt.bam	data/mapped/OSKR_14_RA.sort.flt.bam	1796966	3337710	14	NA	Catostomus fumeiventris	Catostomus	fumeiventris	NA	Miller 1973	Owens Sucker	Lower Rock Creek, Bishop, CA	NA	7/27/21	Rosa Cox, CDFW	Owens_Sucker_Bishop_2021	Easting and Northing: 359769, 4146085	NA	data/reduced/OSKR_14_RA.reduced.bam
OSKR_15	Plate 2	F9	ACACGAGA	GTCCGC	Lower Rock Creek, Bishop, CA	Owens Sucker	Catostomus fumeiventris	GTCCGC_RA_GGACACGAGATGCAG.fastq	GTCCGC_RB_GGACACGAGATGCAG.fastq	OSKR_15_RA.fastq	OSKR_15_RB.fastq	mv data/split/GTCCGC_RA_GGACACGAGATGCAG.fastq data/renamed/OSKR_15_RA.fastq	mv data/split/GTCCGC_RB_GGACACGAGATGCAG.fastq data/renamed/OSKR_15_RB.fastq	OSKR_15_RA.sort.flt.bam	data/mapped/OSKR_15_RA.sort.flt.bam	4211365	8638631	15	NA	Catostomus fumeiventris	Catostomus	fumeiventris	NA	Miller 1973	Owens Sucker	Lower Rock Creek, Bishop, CA	NA	7/27/21	Rosa Cox, CDFW	Owens_Sucker_Bishop_2021	Easting and Northing: 359769, 4146085	NA	data/reduced/OSKR_15_RA.reduced.bam
OSKR_16	Plate 2	G9	ACGACAAG	GTCCGC	Lower Rock Creek, Bishop, CA	Owens Sucker	Catostomus fumeiventris	GTCCGC_RA_GGACGACAAGTGCAG.fastq	GTCCGC_RB_GGACGACAAGTGCAG.fastq	OSKR_16_RA.fastq	OSKR_16_RB.fastq	mv data/split/GTCCGC_RA_GGACGACAAGTGCAG.fastq data/renamed/OSKR_16_RA.fastq	mv data/split/GTCCGC_RB_GGACGACAAGTGCAG.fastq data/renamed/OSKR_16_RB.fastq	OSKR_16_RA.sort.flt.bam	data/mapped/OSKR_16_RA.sort.flt.bam	3300715	6626962	16	NA	Catostomus fumeiventris	Catostomus	fumeiventris	NA	Miller 1973	Owens Sucker	Lower Rock Creek, Bishop, CA	NA	7/27/21	Rosa Cox, CDFW	Owens_Sucker_Bishop_2021	Easting and Northing: 359769, 4146085	NA	data/reduced/OSKR_16_RA.reduced.bam
OSKR_17	Plate 2	H9	GACAGTGC	GTCCGC	Lower Rock Creek, Bishop, CA	Owens Sucker	Catostomus fumeiventris	GTCCGC_RA_GGGACAGTGCTGCAG.fastq	GTCCGC_RB_GGGACAGTGCTGCAG.fastq	OSKR_17_RA.fastq	OSKR_17_RB.fastq	mv data/split/GTCCGC_RA_GGGACAGTGCTGCAG.fastq data/renamed/OSKR_17_RA.fastq	mv data/split/GTCCGC_RB_GGGACAGTGCTGCAG.fastq data/renamed/OSKR_17_RB.fastq	OSKR_17_RA.sort.flt.bam	data/mapped/OSKR_17_RA.sort.flt.bam	2944195	5719360	17	NA	Catostomus fumeiventris	Catostomus	fumeiventris	NA	Miller 1973	Owens Sucker	Lower Rock Creek, Bishop, CA	NA	7/27/21	Rosa Cox, CDFW	Owens_Sucker_Bishop_2021	Easting and Northing: 359769, 4146085	NA	data/reduced/OSKR_17_RA.reduced.bam
OSKR_18	Plate 2	A10	AGTACAAG	GTCCGC	Horton Creek,  Bishop, CA	Owens Sucker	Catostomus fumeiventris	GTCCGC_RA_GGAGTACAAGTGCAG.fastq	GTCCGC_RB_GGAGTACAAGTGCAG.fastq	OSKR_18_RA.fastq	OSKR_18_RB.fastq	mv data/split/GTCCGC_RA_GGAGTACAAGTGCAG.fastq data/renamed/OSKR_18_RA.fastq	mv data/split/GTCCGC_RB_GGAGTACAAGTGCAG.fastq data/renamed/OSKR_18_RB.fastq	OSKR_18_RA.sort.flt.bam	data/mapped/OSKR_18_RA.sort.flt.bam	2508086	4771678	18	NA	Catostomus fumeiventris	Catostomus	fumeiventris	NA	Miller 1973	Owens Sucker	Horton Creek,  Bishop, CA	NA	7/27/21	Rosa Cox, CDFW	Owens_Sucker_Bishop_2021	Easting and Northing: 369786, 4140172	NA	data/reduced/OSKR_18_RA.reduced.bam
OSKR_19	Plate 2	B10	ACGTATCA	GTCCGC	Horton Creek,  Bishop, CA	Owens Sucker	Catostomus fumeiventris	GTCCGC_RA_GGACGTATCATGCAG.fastq	GTCCGC_RB_GGACGTATCATGCAG.fastq	OSKR_19_RA.fastq	OSKR_19_RB.fastq	mv data/split/GTCCGC_RA_GGACGTATCATGCAG.fastq data/renamed/OSKR_19_RA.fastq	mv data/split/GTCCGC_RB_GGACGTATCATGCAG.fastq data/renamed/OSKR_19_RB.fastq	OSKR_19_RA.sort.flt.bam	data/mapped/OSKR_19_RA.sort.flt.bam	4174957	8466339	19	NA	Catostomus fumeiventris	Catostomus	fumeiventris	NA	Miller 1973	Owens Sucker	Horton Creek,  Bishop, CA	NA	7/27/21	Rosa Cox, CDFW	Owens_Sucker_Bishop_2021	Easting and Northing: 369786, 4140172	NA	data/reduced/OSKR_19_RA.reduced.bam
OSKR_20	Plate 2	C10	CAGCGTTA	GTCCGC	Horton Creek,  Bishop, CA	Owens Sucker	Catostomus fumeiventris	GTCCGC_RA_GGCAGCGTTATGCAG.fastq	GTCCGC_RB_GGCAGCGTTATGCAG.fastq	OSKR_20_RA.fastq	OSKR_20_RB.fastq	mv data/split/GTCCGC_RA_GGCAGCGTTATGCAG.fastq data/renamed/OSKR_20_RA.fastq	mv data/split/GTCCGC_RB_GGCAGCGTTATGCAG.fastq data/renamed/OSKR_20_RB.fastq	OSKR_20_RA.sort.flt.bam	data/mapped/OSKR_20_RA.sort.flt.bam	2278990	4325479	20	NA	Catostomus fumeiventris	Catostomus	fumeiventris	NA	Miller 1973	Owens Sucker	Horton Creek,  Bishop, CA	NA	7/27/21	Rosa Cox, CDFW	Owens_Sucker_Bishop_2021	Easting and Northing: 369786, 4140172	NA	data/reduced/OSKR_20_RA.reduced.bam
OSKR_21	Plate 2	D10	GAATCTGA	GTCCGC	Lower Hot Creek, Bishop, CA	Owens Sucker	Catostomus fumeiventris	GTCCGC_RA_GGGAATCTGATGCAG.fastq	GTCCGC_RB_GGGAATCTGATGCAG.fastq	OSKR_21_RA.fastq	OSKR_21_RB.fastq	mv data/split/GTCCGC_RA_GGGAATCTGATGCAG.fastq data/renamed/OSKR_21_RA.fastq	mv data/split/GTCCGC_RB_GGGAATCTGATGCAG.fastq data/renamed/OSKR_21_RB.fastq	OSKR_21_RA.sort.flt.bam	data/mapped/OSKR_21_RA.sort.flt.bam	3476364	6916777	21	NA	Catostomus fumeiventris	Catostomus	fumeiventris	NA	Miller 1973	Owens Sucker	Lower Hot Creek, Bishop, CA	NA	7/28/21	Rosa Cox, CDFW	Owens_Sucker_Bishop_2021	Easting and Northing: 342942, 4174784	NA	data/reduced/OSKR_21_RA.reduced.bam
OSKR_22	Plate 2	E10	GTCTGTCA	GTCCGC	Lower Hot Creek, Bishop, CA	Owens Sucker	Catostomus fumeiventris	GTCCGC_RA_GGGTCTGTCATGCAG.fastq	GTCCGC_RB_GGGTCTGTCATGCAG.fastq	OSKR_22_RA.fastq	OSKR_22_RB.fastq	mv data/split/GTCCGC_RA_GGGTCTGTCATGCAG.fastq data/renamed/OSKR_22_RA.fastq	mv data/split/GTCCGC_RB_GGGTCTGTCATGCAG.fastq data/renamed/OSKR_22_RB.fastq	OSKR_22_RA.sort.flt.bam	data/mapped/OSKR_22_RA.sort.flt.bam	3718683	7406681	22	NA	Catostomus fumeiventris	Catostomus	fumeiventris	NA	Miller 1973	Owens Sucker	Lower Hot Creek, Bishop, CA	NA	7/28/21	Rosa Cox, CDFW	Owens_Sucker_Bishop_2021	Easting and Northing: 342942, 4174784	NA	data/reduced/OSKR_22_RA.reduced.bam
OSKR_23	Plate 2	F10	AAGAGATC	GTCCGC	Lower Hot Creek, Bishop, CA	Owens Sucker	Catostomus fumeiventris	GTCCGC_RA_GGAAGAGATCTGCAG.fastq	GTCCGC_RB_GGAAGAGATCTGCAG.fastq	OSKR_23_RA.fastq	OSKR_23_RB.fastq	mv data/split/GTCCGC_RA_GGAAGAGATCTGCAG.fastq data/renamed/OSKR_23_RA.fastq	mv data/split/GTCCGC_RB_GGAAGAGATCTGCAG.fastq data/renamed/OSKR_23_RB.fastq	OSKR_23_RA.sort.flt.bam	data/mapped/OSKR_23_RA.sort.flt.bam	4024997	8160062	23	NA	Catostomus fumeiventris	Catostomus	fumeiventris	NA	Miller 1973	Owens Sucker	Lower Hot Creek, Bishop, CA	NA	7/28/21	Rosa Cox, CDFW	Owens_Sucker_Bishop_2021	Easting and Northing: 342942, 4174784	NA	data/reduced/OSKR_23_RA.reduced.bam
OSKR_24	Plate 2	G10	ATTGGCTC	GTCCGC	Lower Hot Creek, Bishop, CA	Owens Sucker	Catostomus fumeiventris	GTCCGC_RA_GGATTGGCTCTGCAG.fastq	GTCCGC_RB_GGATTGGCTCTGCAG.fastq	OSKR_24_RA.fastq	OSKR_24_RB.fastq	mv data/split/GTCCGC_RA_GGATTGGCTCTGCAG.fastq data/renamed/OSKR_24_RA.fastq	mv data/split/GTCCGC_RB_GGATTGGCTCTGCAG.fastq data/renamed/OSKR_24_RB.fastq	OSKR_24_RA.sort.flt.bam	data/mapped/OSKR_24_RA.sort.flt.bam	2854155	5528641	24	NA	Catostomus fumeiventris	Catostomus	fumeiventris	NA	Miller 1973	Owens Sucker	Lower Hot Creek, Bishop, CA	NA	7/28/21	Rosa Cox, CDFW	Owens_Sucker_Bishop_2021	Easting and Northing: 342942, 4174784	NA	data/reduced/OSKR_24_RA.reduced.bam
OSKR_25	Plate 2	H10	GAGTTAGC	GTCCGC	Lower Hot Creek, Bishop, CA	Owens Sucker	Catostomus fumeiventris	GTCCGC_RA_GGGAGTTAGCTGCAG.fastq	GTCCGC_RB_GGGAGTTAGCTGCAG.fastq	OSKR_25_RA.fastq	OSKR_25_RB.fastq	mv data/split/GTCCGC_RA_GGGAGTTAGCTGCAG.fastq data/renamed/OSKR_25_RA.fastq	mv data/split/GTCCGC_RB_GGGAGTTAGCTGCAG.fastq data/renamed/OSKR_25_RB.fastq	OSKR_25_RA.sort.flt.bam	data/mapped/OSKR_25_RA.sort.flt.bam	1906021	3557810	25	NA	Catostomus fumeiventris	Catostomus	fumeiventris	NA	Miller 1973	Owens Sucker	Lower Hot Creek, Bishop, CA	NA	7/28/21	Rosa Cox, CDFW	Owens_Sucker_Bishop_2021	Easting and Northing: 342942, 4174784	NA	data/reduced/OSKR_25_RA.reduced.bam
OSKR_26	Plate 2	A11	CATCAAGT	GTCCGC	Lower Hot Creek, Bishop, CA	Owens Sucker	Catostomus fumeiventris	GTCCGC_RA_GGCATCAAGTTGCAG.fastq	GTCCGC_RB_GGCATCAAGTTGCAG.fastq	OSKR_26_RA.fastq	OSKR_26_RB.fastq	mv data/split/GTCCGC_RA_GGCATCAAGTTGCAG.fastq data/renamed/OSKR_26_RA.fastq	mv data/split/GTCCGC_RB_GGCATCAAGTTGCAG.fastq data/renamed/OSKR_26_RB.fastq	OSKR_26_RA.sort.flt.bam	data/mapped/OSKR_26_RA.sort.flt.bam	2024716	3793121	26	NA	Catostomus fumeiventris	Catostomus	fumeiventris	NA	Miller 1973	Owens Sucker	Lower Hot Creek, Bishop, CA	NA	7/28/21	Rosa Cox, CDFW	Owens_Sucker_Bishop_2021	Easting and Northing: 342942, 4174784	NA	data/reduced/OSKR_26_RA.reduced.bam
OSKR_27	Plate 2	B11	ACTATGCA	GTCCGC	Lower Hot Creek, Bishop, CA	Owens Sucker	Catostomus fumeiventris	GTCCGC_RA_GGACTATGCATGCAG.fastq	GTCCGC_RB_GGACTATGCATGCAG.fastq	OSKR_27_RA.fastq	OSKR_27_RB.fastq	mv data/split/GTCCGC_RA_GGACTATGCATGCAG.fastq data/renamed/OSKR_27_RA.fastq	mv data/split/GTCCGC_RB_GGACTATGCATGCAG.fastq data/renamed/OSKR_27_RB.fastq	OSKR_27_RA.sort.flt.bam	data/mapped/OSKR_27_RA.sort.flt.bam	3384020	6687222	27	NA	Catostomus fumeiventris	Catostomus	fumeiventris	NA	Miller 1973	Owens Sucker	Lower Hot Creek, Bishop, CA	NA	7/28/21	Rosa Cox, CDFW	Owens_Sucker_Bishop_2021	Easting and Northing: 342942, 4174784	NA	data/reduced/OSKR_27_RA.reduced.bam
OSKR_28	Plate 2	C11	CATACCAA	GTCCGC	Lower Hot Creek, Bishop, CA	Owens Sucker	Catostomus fumeiventris	GTCCGC_RA_GGCATACCAATGCAG.fastq	GTCCGC_RB_GGCATACCAATGCAG.fastq	OSKR_28_RA.fastq	OSKR_28_RB.fastq	mv data/split/GTCCGC_RA_GGCATACCAATGCAG.fastq data/renamed/OSKR_28_RA.fastq	mv data/split/GTCCGC_RB_GGCATACCAATGCAG.fastq data/renamed/OSKR_28_RB.fastq	OSKR_28_RA.sort.flt.bam	data/mapped/OSKR_28_RA.sort.flt.bam	1115679	1982443	28	NA	Catostomus fumeiventris	Catostomus	fumeiventris	NA	Miller 1973	Owens Sucker	Lower Hot Creek, Bishop, CA	NA	7/28/21	Rosa Cox, CDFW	Owens_Sucker_Bishop_2021	Easting and Northing: 342942, 4174784	NA	data/mapped/OSKR_28_RA.sort.flt.bam
OSKR_29	Plate 2	D11	GACTAGTA	GTCCGC	Lower Hot Creek, Bishop, CA	Owens Sucker	Catostomus fumeiventris	GTCCGC_RA_GGGACTAGTATGCAG.fastq	GTCCGC_RB_GGGACTAGTATGCAG.fastq	OSKR_29_RA.fastq	OSKR_29_RB.fastq	mv data/split/GTCCGC_RA_GGGACTAGTATGCAG.fastq data/renamed/OSKR_29_RA.fastq	mv data/split/GTCCGC_RB_GGGACTAGTATGCAG.fastq data/renamed/OSKR_29_RB.fastq	OSKR_29_RA.sort.flt.bam	data/mapped/OSKR_29_RA.sort.flt.bam	2181486	4079635	29	NA	Catostomus fumeiventris	Catostomus	fumeiventris	NA	Miller 1973	Owens Sucker	Lower Hot Creek, Bishop, CA	NA	7/28/21	Rosa Cox, CDFW	Owens_Sucker_Bishop_2021	Easting and Northing: 342942, 4174784	NA	data/reduced/OSKR_29_RA.reduced.bam
OSKR_30	Plate 2	E11	GTGTTCTA	GTCCGC	Lower Hot Creek, Bishop, CA	Owens Sucker	Catostomus fumeiventris	GTCCGC_RA_GGGTGTTCTATGCAG.fastq	GTCCGC_RB_GGGTGTTCTATGCAG.fastq	OSKR_30_RA.fastq	OSKR_30_RB.fastq	mv data/split/GTCCGC_RA_GGGTGTTCTATGCAG.fastq data/renamed/OSKR_30_RA.fastq	mv data/split/GTCCGC_RB_GGGTGTTCTATGCAG.fastq data/renamed/OSKR_30_RB.fastq	OSKR_30_RA.sort.flt.bam	data/mapped/OSKR_30_RA.sort.flt.bam	2066921	3843913	30	NA	Catostomus fumeiventris	Catostomus	fumeiventris	NA	Miller 1973	Owens Sucker	Lower Hot Creek, Bishop, CA	NA	7/28/21	Rosa Cox, CDFW	Owens_Sucker_Bishop_2021	Easting and Northing: 342942, 4174784	NA	data/reduced/OSKR_30_RA.reduced.bam
OSKR_31	Plate 2	F11	AAGGACAC	GTCCGC	Lower Hot Creek, Bishop, CA	Owens Sucker	Catostomus fumeiventris	GTCCGC_RA_GGAAGGACACTGCAG.fastq	GTCCGC_RB_GGAAGGACACTGCAG.fastq	OSKR_31_RA.fastq	OSKR_31_RB.fastq	mv data/split/GTCCGC_RA_GGAAGGACACTGCAG.fastq data/renamed/OSKR_31_RA.fastq	mv data/split/GTCCGC_RB_GGAAGGACACTGCAG.fastq data/renamed/OSKR_31_RB.fastq	OSKR_31_RA.sort.flt.bam	data/mapped/OSKR_31_RA.sort.flt.bam	1586778	2904892	31	NA	Catostomus fumeiventris	Catostomus	fumeiventris	NA	Miller 1973	Owens Sucker	Lower Hot Creek, Bishop, CA	NA	7/28/21	Rosa Cox, CDFW	Owens_Sucker_Bishop_2021	Easting and Northing: 342942, 4174784	NA	data/reduced/OSKR_31_RA.reduced.bam
OSKR_32	Plate 2	G11	CAAGGAGC	GTCCGC	Lower Hot Creek, Bishop, CA	Owens Sucker	Catostomus fumeiventris	GTCCGC_RA_GGCAAGGAGCTGCAG.fastq	GTCCGC_RB_GGCAAGGAGCTGCAG.fastq	OSKR_32_RA.fastq	OSKR_32_RB.fastq	mv data/split/GTCCGC_RA_GGCAAGGAGCTGCAG.fastq data/renamed/OSKR_32_RA.fastq	mv data/split/GTCCGC_RB_GGCAAGGAGCTGCAG.fastq data/renamed/OSKR_32_RB.fastq	OSKR_32_RA.sort.flt.bam	data/mapped/OSKR_32_RA.sort.flt.bam	1936350	3646278	32	NA	Catostomus fumeiventris	Catostomus	fumeiventris	NA	Miller 1973	Owens Sucker	Lower Hot Creek, Bishop, CA	NA	7/28/21	Rosa Cox, CDFW	Owens_Sucker_Bishop_2021	Easting and Northing: 342942, 4174784	NA	data/reduced/OSKR_32_RA.reduced.bam
OSKR_33	Plate 2	H11	GATGAATC	GTCCGC	Lower Hot Creek, Bishop, CA	Owens Sucker	Catostomus fumeiventris	GTCCGC_RA_GGGATGAATCTGCAG.fastq	GTCCGC_RB_GGGATGAATCTGCAG.fastq	OSKR_33_RA.fastq	OSKR_33_RB.fastq	mv data/split/GTCCGC_RA_GGGATGAATCTGCAG.fastq data/renamed/OSKR_33_RA.fastq	mv data/split/GTCCGC_RB_GGGATGAATCTGCAG.fastq data/renamed/OSKR_33_RB.fastq	OSKR_33_RA.sort.flt.bam	data/mapped/OSKR_33_RA.sort.flt.bam	973937	1705048	33	NA	Catostomus fumeiventris	Catostomus	fumeiventris	NA	Miller 1973	Owens Sucker	Lower Hot Creek, Bishop, CA	NA	7/28/21	Rosa Cox, CDFW	Owens_Sucker_Bishop_2021	Easting and Northing: 342942, 4174784	NA	data/mapped/OSKR_33_RA.sort.flt.bam
OSKR_34	Plate 2	A12	AGTGGTCA	GTCCGC	Lower Hot Creek, Bishop, CA	Owens Sucker	Catostomus fumeiventris	GTCCGC_RA_GGAGTGGTCATGCAG.fastq	GTCCGC_RB_GGAGTGGTCATGCAG.fastq	OSKR_34_RA.fastq	OSKR_34_RB.fastq	mv data/split/GTCCGC_RA_GGAGTGGTCATGCAG.fastq data/renamed/OSKR_34_RA.fastq	mv data/split/GTCCGC_RB_GGAGTGGTCATGCAG.fastq data/renamed/OSKR_34_RB.fastq	OSKR_34_RA.sort.flt.bam	data/mapped/OSKR_34_RA.sort.flt.bam	3120031	6039427	34	NA	Catostomus fumeiventris	Catostomus	fumeiventris	NA	Miller 1973	Owens Sucker	Lower Hot Creek, Bishop, CA	NA	7/28/21	Rosa Cox, CDFW	Owens_Sucker_Bishop_2021	Easting and Northing: 342942, 4174784	NA	data/reduced/OSKR_34_RA.reduced.bam
OSKR_35	Plate 2	B12	AGAGTCAA	GTCCGC	Lower Hot Creek, Bishop, CA	Owens Sucker	Catostomus fumeiventris	GTCCGC_RA_GGAGAGTCAATGCAG.fastq	GTCCGC_RB_GGAGAGTCAATGCAG.fastq	OSKR_35_RA.fastq	OSKR_35_RB.fastq	mv data/split/GTCCGC_RA_GGAGAGTCAATGCAG.fastq data/renamed/OSKR_35_RA.fastq	mv data/split/GTCCGC_RB_GGAGAGTCAATGCAG.fastq data/renamed/OSKR_35_RB.fastq	OSKR_35_RA.sort.flt.bam	data/mapped/OSKR_35_RA.sort.flt.bam	2560480	4881415	35	NA	Catostomus fumeiventris	Catostomus	fumeiventris	NA	Miller 1973	Owens Sucker	Lower Hot Creek, Bishop, CA	NA	7/28/21	Rosa Cox, CDFW	Owens_Sucker_Bishop_2021	Easting and Northing: 342942, 4174784	NA	data/reduced/OSKR_35_RA.reduced.bam
OSKR_36	Plate 2	C12	CCAGTTCA	GTCCGC	Lower Hot Creek, Bishop, CA	Owens Sucker	Catostomus fumeiventris	GTCCGC_RA_GGCCAGTTCATGCAG.fastq	GTCCGC_RB_GGCCAGTTCATGCAG.fastq	OSKR_36_RA.fastq	OSKR_36_RB.fastq	mv data/split/GTCCGC_RA_GGCCAGTTCATGCAG.fastq data/renamed/OSKR_36_RA.fastq	mv data/split/GTCCGC_RB_GGCCAGTTCATGCAG.fastq data/renamed/OSKR_36_RB.fastq	OSKR_36_RA.sort.flt.bam	data/mapped/OSKR_36_RA.sort.flt.bam	2924147	5663759	36	NA	Catostomus fumeiventris	Catostomus	fumeiventris	NA	Miller 1973	Owens Sucker	Lower Hot Creek, Bishop, CA	NA	7/28/21	Rosa Cox, CDFW	Owens_Sucker_Bishop_2021	Easting and Northing: 342942, 4174784	NA	data/reduced/OSKR_36_RA.reduced.bam
OSKR_37	Plate 2	D12	GAGCTGAA	GTCCGC	Lower Hot Creek, Bishop, CA	Owens Sucker	Catostomus fumeiventris	GTCCGC_RA_GGGAGCTGAATGCAG.fastq	GTCCGC_RB_GGGAGCTGAATGCAG.fastq	OSKR_37_RA.fastq	OSKR_37_RB.fastq	mv data/split/GTCCGC_RA_GGGAGCTGAATGCAG.fastq data/renamed/OSKR_37_RA.fastq	mv data/split/GTCCGC_RB_GGGAGCTGAATGCAG.fastq data/renamed/OSKR_37_RB.fastq	OSKR_37_RA.sort.flt.bam	data/mapped/OSKR_37_RA.sort.flt.bam	1143691	2036289	37	NA	Catostomus fumeiventris	Catostomus	fumeiventris	NA	Miller 1973	Owens Sucker	Lower Hot Creek, Bishop, CA	NA	7/28/21	Rosa Cox, CDFW	Owens_Sucker_Bishop_2021	Easting and Northing: 342942, 4174784	NA	data/mapped/OSKR_37_RA.sort.flt.bam
OSKR_38	Plate 2	E12	TAGGATGA	GTCCGC	Lower Hot Creek, Bishop, CA	Owens Sucker	Catostomus fumeiventris	GTCCGC_RA_GGTAGGATGATGCAG.fastq	GTCCGC_RB_GGTAGGATGATGCAG.fastq	OSKR_38_RA.fastq	OSKR_38_RB.fastq	mv data/split/GTCCGC_RA_GGTAGGATGATGCAG.fastq data/renamed/OSKR_38_RA.fastq	mv data/split/GTCCGC_RB_GGTAGGATGATGCAG.fastq data/renamed/OSKR_38_RB.fastq	OSKR_38_RA.sort.flt.bam	data/mapped/OSKR_38_RA.sort.flt.bam	2495445	4785847	38	NA	Catostomus fumeiventris	Catostomus	fumeiventris	NA	Miller 1973	Owens Sucker	Lower Hot Creek, Bishop, CA	NA	7/28/21	Rosa Cox, CDFW	Owens_Sucker_Bishop_2021	Easting and Northing: 342942, 4174784	NA	data/reduced/OSKR_38_RA.reduced.bam
OSKR_39	Plate 2	F12	AATCCGTC	GTCCGC	Lower Hot Creek, Bishop, CA	Owens Sucker	Catostomus fumeiventris	GTCCGC_RA_GGAATCCGTCTGCAG.fastq	GTCCGC_RB_GGAATCCGTCTGCAG.fastq	OSKR_39_RA.fastq	OSKR_39_RB.fastq	mv data/split/GTCCGC_RA_GGAATCCGTCTGCAG.fastq data/renamed/OSKR_39_RA.fastq	mv data/split/GTCCGC_RB_GGAATCCGTCTGCAG.fastq data/renamed/OSKR_39_RB.fastq	OSKR_39_RA.sort.flt.bam	data/mapped/OSKR_39_RA.sort.flt.bam	2176149	4056649	39	NA	Catostomus fumeiventris	Catostomus	fumeiventris	NA	Miller 1973	Owens Sucker	Lower Hot Creek, Bishop, CA	NA	7/28/21	Rosa Cox, CDFW	Owens_Sucker_Bishop_2021	Easting and Northing: 342942, 4174784	NA	data/reduced/OSKR_39_RA.reduced.bam
OSKR_40	Plate 2	G12	CACCTTAC	GTCCGC	Lower Hot Creek, Bishop, CA	Owens Sucker	Catostomus fumeiventris	GTCCGC_RA_GGCACCTTACTGCAG.fastq	GTCCGC_RB_GGCACCTTACTGCAG.fastq	OSKR_40_RA.fastq	OSKR_40_RB.fastq	mv data/split/GTCCGC_RA_GGCACCTTACTGCAG.fastq data/renamed/OSKR_40_RA.fastq	mv data/split/GTCCGC_RB_GGCACCTTACTGCAG.fastq data/renamed/OSKR_40_RB.fastq	OSKR_40_RA.sort.flt.bam	data/mapped/OSKR_40_RA.sort.flt.bam	1896631	3552543	40	NA	Catostomus fumeiventris	Catostomus	fumeiventris	NA	Miller 1973	Owens Sucker	Lower Hot Creek, Bishop, CA	NA	7/28/21	Rosa Cox, CDFW	Owens_Sucker_Bishop_2021	Easting and Northing: 342942, 4174784	NA	data/reduced/OSKR_40_RA.reduced.bam
OSKR_41	Plate 2	H12	GCCAAGAC	GTCCGC	Lower Hot Creek, Bishop, CA	Owens Sucker	Catostomus fumeiventris	GTCCGC_RA_GGGCCAAGACTGCAG.fastq	GTCCGC_RB_GGGCCAAGACTGCAG.fastq	OSKR_41_RA.fastq	OSKR_41_RB.fastq	mv data/split/GTCCGC_RA_GGGCCAAGACTGCAG.fastq data/renamed/OSKR_41_RA.fastq	mv data/split/GTCCGC_RB_GGGCCAAGACTGCAG.fastq data/renamed/OSKR_41_RB.fastq	OSKR_41_RA.sort.flt.bam	data/mapped/OSKR_41_RA.sort.flt.bam	2472965	4732959	41	NA	Catostomus fumeiventris	Catostomus	fumeiventris	NA	Miller 1973	Owens Sucker	Lower Hot Creek, Bishop, CA	NA	7/28/21	Rosa Cox, CDFW	Owens_Sucker_Bishop_2021	Easting and Northing: 342942, 4174784	NA	data/reduced/OSKR_41_RA.reduced.bam
OSKR_42	Plate 3	A1	ACAAGCTA	ATGTCA	Lower Horton Creek, Bishop,CA	Owens Sucker	Catostomus fumeiventris	ATGTCA_RA_GGACAAGCTATGCAG.fastq	ATGTCA_RB_GGACAAGCTATGCAG.fastq	OSKR_42_RA.fastq	OSKR_42_RB.fastq	mv data/split/ATGTCA_RA_GGACAAGCTATGCAG.fastq data/renamed/OSKR_42_RA.fastq	mv data/split/ATGTCA_RB_GGACAAGCTATGCAG.fastq data/renamed/OSKR_42_RB.fastq	OSKR_42_RA.sort.flt.bam	data/mapped/OSKR_42_RA.sort.flt.bam	2793220	5298956	42	NA	Catostomus fumeiventris	Catostomus	fumeiventris	NA	Miller 1973	Owens Sucker	Lower Horton Creek, Bishop,CA	NA	7/28/21	Rosa Cox, CDFW	Owens_Sucker_Bishop_2021	Easting and Northing: 365389, 4140359	NA	data/reduced/OSKR_42_RA.reduced.bam
OSKR_43	Plate 3	B1	AACAACCA	ATGTCA	Lower Horton Creek, Bishop,CA	Owens Sucker	Catostomus fumeiventris	ATGTCA_RA_GGAACAACCATGCAG.fastq	ATGTCA_RB_GGAACAACCATGCAG.fastq	OSKR_43_RA.fastq	OSKR_43_RB.fastq	mv data/split/ATGTCA_RA_GGAACAACCATGCAG.fastq data/renamed/OSKR_43_RA.fastq	mv data/split/ATGTCA_RB_GGAACAACCATGCAG.fastq data/renamed/OSKR_43_RB.fastq	OSKR_43_RA.sort.flt.bam	data/mapped/OSKR_43_RA.sort.flt.bam	2339180	4346053	43	NA	Catostomus fumeiventris	Catostomus	fumeiventris	NA	Miller 1973	Owens Sucker	Lower Horton Creek, Bishop,CA	NA	7/28/21	Rosa Cox, CDFW	Owens_Sucker_Bishop_2021	Easting and Northing: 365389, 4140360	NA	data/reduced/OSKR_43_RA.reduced.bam
OSKR_44	Plate 3	C1	AGATCGCA	ATGTCA	Lower Horton Creek, Bishop,CA	Owens Sucker	Catostomus fumeiventris	ATGTCA_RA_GGAGATCGCATGCAG.fastq	ATGTCA_RB_GGAGATCGCATGCAG.fastq	OSKR_44_RA.fastq	OSKR_44_RB.fastq	mv data/split/ATGTCA_RA_GGAGATCGCATGCAG.fastq data/renamed/OSKR_44_RA.fastq	mv data/split/ATGTCA_RB_GGAGATCGCATGCAG.fastq data/renamed/OSKR_44_RB.fastq	OSKR_44_RA.sort.flt.bam	data/mapped/OSKR_44_RA.sort.flt.bam	4355885	8753742	44	NA	Catostomus fumeiventris	Catostomus	fumeiventris	NA	Miller 1973	Owens Sucker	Lower Horton Creek, Bishop,CA	NA	7/28/21	Rosa Cox, CDFW	Owens_Sucker_Bishop_2021	Easting and Northing: 365389, 4140361	NA	data/reduced/OSKR_44_RA.reduced.bam
